{"k_ads": {"index": 0, "max": 0.8341729874719939, "min": 0.25629837648220377}, "k_des": {"index": 1, "max": 4.8088002064659765, "min": 4.509107568499764}, "k_std": {"index": 2, "max": 9.851330953580108, "min": 7.856190556230253}, "k_fst": {"index": 3, "max": 10.240847198545286, "min": 8.262572465706823}, "k_slw": {"index": 4, "max": 11.847881308200447, "min": 9.872190808831947}, "k_oxi": {"index": 5, "max": 6.066235639689581, "min": 5.368495193921892}}