{"train_loss": [0.03788809396792203, 0.016281221469398588, 0.010482071636943147, 0.005412656944827177, 0.0030132123647490516, 0.0029080362583044916, 0.001939925983606372, 0.0016179654267034493, 0.001512263115728274, 0.0012362409179331735, 0.0021109426088514738, 0.0012899486973765306, 0.0011052344561903737, 0.0010526170190132689, 0.0012445307147572748, 0.0011952044187637512, 0.0008657216967549175, 0.0008315383238368668, 0.0008406781453231815, 0.0007757430466881488, 0.0008515618355886545, 0.0007331018641707487, 0.000917674733500462, 0.0007649501894775312, 0.0008667639558552764, 0.0006785481600672938, 0.0011341800636728294, 0.0008366777474293485, 0.0006597312349185813, 0.0007218162318167742, 0.000743385298846988, 0.0006721825957356486, 0.0010349115655117203, 0.0009220543615811039, 0.0005946993969700998, 0.0005698836539522745, 0.0008631653727206867, 0.0006555561230925377, 0.0008046960829233285, 0.000705860791640589, 0.0006113283125159796, 0.0008317151150549762, 0.0008387613961531315, 0.0006110199792601634, 0.0010192288100370206, 0.001009589024761226, 0.0006130597557785222, 0.0006216636174940504, 0.0008514068122167373, 0.0013309625392139424, 0.1954794660123298, 4.689625916071236, 0.9744686838239431, 0.24143094150349498, 0.1217853274429217, 0.10514351713936776, 0.023590561759192497, 0.01735683809965849, 0.01580210233805701, 0.015617097727954388, 0.01556886697653681, 0.015550436975900084, 0.015546388283837587, 0.015560083091259003, 0.015550712938420475, 0.0155449120211415, 0.015540419262833893, 0.01553723873803392, 0.015524111106060445, 0.013651363900862634, 0.0094853529590182, 0.008870696474332362, 0.008560166810639203, 0.008399504120461643, 0.008329693926498294, 0.008220907620852813, 0.007739796972600743, 0.007226991467177868, 0.007035390619421378, 0.006968890404095873, 0.006954888085601851, 0.0069487132714129984, 0.0069437008060049266, 0.006957594538107514, 0.0069301199982874095, 0.006896970386151224], "val_loss": [0.01870131492614746, 0.014516603201627731, 0.007207456510514021, 0.004097554832696915, 0.006218846887350082, 0.0021797618828713894, 0.0019373195245862007, 0.0015176318120211363, 0.0021788664162158966, 0.004453996196389198, 0.0015305704437196255, 0.0025504042860120535, 0.003407281357795, 0.0041844346560537815, 0.003362096380442381, 0.002402812009677291, 0.002819444052875042, 0.002350200666114688, 0.0016155756311491132, 0.0027330315206199884, 0.0009785464499145746, 0.0009377120295539498, 0.002202314790338278, 0.0026372813154011965, 0.0011868049623444676, 0.0007895573507994413, 0.0013660656986758113, 0.0009592367568984628, 0.0011210408993065357, 0.0005587830673903227, 0.0007077756454236805, 0.0006758927484042943, 0.0017961332341656089, 0.0008724221843294799, 0.0006696360069327056, 0.0004952886374667287, 0.0010544549440965056, 0.000533421931322664, 0.0005388285499066114, 0.0005902136908844113, 0.0006869346834719181, 0.001223418745212257, 0.0013114328030496836, 0.0005929630133323371, 0.0016075579915195704, 0.0008238297887146473, 0.0008605087059549987, 0.0015416595852002501, 0.0009988087695091963, 0.0029773651622235775, 5.175394535064697, 0.11655762791633606, 0.4152015149593353, 0.28633642196655273, 0.016399260610342026, 0.039617475122213364, 0.022837325930595398, 0.016638703644275665, 0.01618257537484169, 0.016025342047214508, 0.015989433974027634, 0.015981297940015793, 0.016006575897336006, 0.01598651148378849, 0.015970993787050247, 0.01596742309629917, 0.015957990661263466, 0.015923291444778442, 0.01564279943704605, 0.021651363000273705, 0.027540482580661774, 0.033332012593746185, 0.02933763526380062, 0.03549175709486008, 0.02959432825446129, 0.0271476898342371, 0.018127404153347015, 0.012074284255504608, 0.010812710970640182, 0.00934007577598095, 0.008935748599469662, 0.008315720595419407, 0.007878739386796951, 0.008233160711824894, 0.007553601637482643, 0.007413037586957216]}