{"train_loss": [110.10703999898396, 0.9363435162231326, 1.0879776594229043, 1.48274833871983, 1.759482940658927, 1.401096842251718, 0.6668154986109585, 0.05637466919142753, 0.7810917583992705, 0.9203569106757641, 0.2581324039492756, 0.3420485358219594, 0.3380492508877069, 0.29892062360886484, 0.1002598749473691, 0.032565848901867867, 0.01793793006800115, 0.015827898168936372, 0.015513765742070973, 0.015452331979759037, 0.015448968624696136, 0.015447907091584057, 0.015449924860149622, 0.015445158176589757, 0.01544616388855502, 0.015447335783392191, 0.015440248476807028, 0.015442403266206384, 0.015441187541000545, 0.015438126109074801, 0.015438090718816966, 0.015436615038197488, 0.015435346227604896, 0.015441600407939404, 0.01544107374502346, 0.015438051370438188, 0.015434861241374165, 0.015434983361046761, 0.015431789041031152, 0.015430769941303879, 0.015436043380759656, 0.015428453567437828, 0.015428700658958405, 0.015427064732648432, 0.015426463156472892, 0.015425808727741241, 0.015425474557559937, 0.015424147190060467, 0.015430179832037538, 0.015428273705765605, 0.015422276977915317, 0.015427716774865985, 0.0154469846165739, 0.015435604494996369, 0.01541992835700512, 0.015424716228153557, 0.015420984709635377, 0.015059702040161937, 0.30885993578704074, 0.798361650435254, 0.7675192265305668, 0.20018346910364926, 0.33981670113280416, 0.6040943171828985, 0.3298561080591753, 3.419199287192896, 1.0499790662433952, 0.8716027631890029, 3.2574762830045074, 2.3489864780567586, 0.6945783189730719, 0.02126816479722038, 0.016688737145159394, 0.01571466395398602, 0.015578576421830803, 0.01552571466891095, 0.015493315702769905, 0.015478253189940006, 0.015466636512428522, 0.015455573215149343, 0.015443638723809272, 0.015442758915014565, 0.015439185022842139, 0.015439092356245965, 0.015437872323673218, 0.015439385490026325, 0.015437728783581406, 0.015436983783729374, 0.015436789661180228, 0.01543815596960485, 0.015444252407178283, 0.015445181576069444, 0.01544034929247573, 0.015437372261658311, 0.015435574110597372, 0.015442195697687566, 0.015439770766533911, 0.015435141802299768, 0.015434810193255544, 0.015435135457664728, 0.015435919631272554, 0.015434125903993845, 0.015435312467161566, 0.015433863271027803, 0.015435059438459575, 0.015433344931807369, 0.015433786378707737, 0.015433106978889555], "val_loss": [2.2673871517181396, 0.13099975883960724, 0.38208675384521484, 5.612935543060303, 1.9906145334243774, 2.4974255561828613, 0.07324736565351486, 0.057842008769512177, 2.819925546646118, 0.047672197222709656, 0.02201269380748272, 0.021595707163214684, 0.7277587056159973, 0.07274746149778366, 0.01613076590001583, 0.021629970520734787, 0.017352642491459846, 0.016230978071689606, 0.01592942327260971, 0.015916012227535248, 0.015916388481855392, 0.015918903052806854, 0.015918361023068428, 0.0159166119992733, 0.015913357958197594, 0.015913931652903557, 0.015921931713819504, 0.015913771465420723, 0.01591397449374199, 0.015912707895040512, 0.015922104939818382, 0.015912789851427078, 0.01592395268380642, 0.01591542735695839, 0.015932980924844742, 0.015911322087049484, 0.015922028571367264, 0.015915734693408012, 0.015910964459180832, 0.01591022126376629, 0.01591591164469719, 0.01594456285238266, 0.0159089807420969, 0.015909496694803238, 0.01590828225016594, 0.015907252207398415, 0.015907587483525276, 0.015908407047390938, 0.01590864546597004, 0.015906672924757004, 0.015916354954242706, 0.015927670523524284, 0.015940677374601364, 0.015906281769275665, 0.015904752537608147, 0.015945447608828545, 0.015904337167739868, 0.013517986983060837, 0.5119105577468872, 1.07479989528656, 0.6027956008911133, 0.04812386631965637, 2.5843756198883057, 0.12084522098302841, 0.4295485019683838, 2.2377307415008545, 0.8052990436553955, 0.05640951544046402, 1.0903971195220947, 0.19827120006084442, 0.0163178239017725, 0.016009176149964333, 0.016417160630226135, 0.01595677062869072, 0.015983330085873604, 0.015939543023705482, 0.015956338495016098, 0.015947336331009865, 0.015961920842528343, 0.015917064622044563, 0.015919264405965805, 0.015923146158456802, 0.01592135988175869, 0.015917638316750526, 0.015916751697659492, 0.015917569398880005, 0.015917696058750153, 0.015917398035526276, 0.015919998288154602, 0.015921128913760185, 0.0159157682210207, 0.01591847836971283, 0.015917550772428513, 0.015916181728243828, 0.015916021540760994, 0.015923982486128807, 0.01591813564300537, 0.015914766117930412, 0.015913967043161392, 0.015918191522359848, 0.01591520570218563, 0.015913164243102074, 0.01591414585709572, 0.01591542921960354, 0.015913615003228188, 0.015920426696538925, 0.015912706032395363, 0.01591595821082592]}