{"train_loss": [0.058155487990006804, 0.0097331136057619, 0.004240664522512816, 0.0025796962290769443, 0.001917185822094325, 0.0018312709435122088, 0.0015958343428792432, 0.0016021613555494696, 0.0014077609375817701, 0.0013104345562169328, 0.0012584285359480418, 0.0012494946058723144, 0.0012740469683194533, 0.0018093947946908884, 0.0011317803109704982, 0.0009532625481369905, 0.001065821292286273, 0.0009798767714528367, 0.0008983518673630897, 0.0007922890326881316, 0.0013396804715739563, 0.0008858696455718018, 0.0006265377014642581, 0.0005584444625128526, 0.0006037559451215202, 0.000678941536534694, 0.0006816073055233574, 0.0005208992861298611, 0.0006075711808080086, 0.000536483548785327, 0.00051904057545471, 0.0005241243088676129, 0.0005159111206012312, 0.00045816773672413547, 0.0007412770755763631, 0.0005040968280809466, 0.00041315931230201386, 0.0011764160281018121, 0.0023183979355962947, 0.0009113969317695592, 0.0004941567622154253, 0.00048749435882200487, 0.00045583537030324806, 0.00045266591951076407, 0.00046888746874174103, 0.0003677402510220418, 0.00043638215538521763, 0.0004397588418214582, 0.00042193426270387135, 0.0003419925778871402, 0.000919047677598428, 0.0008246003235399257, 0.00038137715455377474, 0.00032375923365179915, 0.0003036125017388258, 0.0003009137089975411, 0.000406990682677133, 0.0003803818181040697, 0.0003286079881945625, 0.0003056404366361676, 0.000334915711391659, 0.0006352062846417539, 0.0006358255704981275, 0.00035626952012535185, 0.0002674701763680787, 0.00029823367094650166, 0.0002678905311768176, 0.0003549841021595057, 0.00033594660817470867, 0.000257885682003689, 0.0003711986373673426, 0.0005208784059504978, 0.00036956504845875315, 0.00029370253560045967, 0.0003130862405669177, 0.00043352728425816167, 0.0002858614361684886, 0.0003697021311381832, 0.0003006413016919396, 0.0002882732560465229, 1.8490143714388978, NaN, NaN, NaN, NaN, NaN, NaN, NaN, NaN, NaN, NaN, NaN, NaN, NaN, NaN, NaN, NaN, NaN, NaN, NaN, NaN, NaN, NaN, NaN, NaN, NaN, NaN, NaN, NaN, NaN, NaN, NaN, NaN, NaN, NaN, NaN, NaN, NaN, NaN, NaN, NaN, NaN, NaN, NaN, NaN, NaN, NaN], "val_loss": [0.02005727030336857, 0.005201510153710842, 0.002889778697863221, 0.0020494540221989155, 0.0016078910557553172, 0.0016895529115572572, 0.0013582048704847693, 0.0014775029849261045, 0.0012982632033526897, 0.0013765770709142089, 0.0011389144929125905, 0.001163153094239533, 0.0010970792500302196, 0.0013105516554787755, 0.0009506237111054361, 0.000948021886870265, 0.0011953216744586825, 0.0007205287693068385, 0.0006539307651109993, 0.0006244864198379219, 0.0012937081046402454, 0.0005874189082533121, 0.0005346903344616294, 0.0006897790590301156, 0.0008588734199292958, 0.0009503384935669601, 0.0004967421409673989, 0.00045358174247667193, 0.0004885623347945511, 0.00047573272604495287, 0.0006968461093492806, 0.00046134323929436505, 0.00042349615250714123, 0.0003770146577153355, 0.0006187814869917929, 0.00041840216726996005, 0.0003584282239899039, 0.0025343848392367363, 0.0011825672117993236, 0.0005281775956973433, 0.0004913097945973277, 0.0005130646750330925, 0.00035087906871922314, 0.000519932946190238, 0.0004090508446097374, 0.00030617552693001926, 0.0011318722972646356, 0.00032009987626224756, 0.000295152043690905, 0.0003174788143951446, 0.001587955397553742, 0.0004805167263839394, 0.00032538574305363, 0.00035335373831912875, 0.0002976221439894289, 0.00038080225931480527, 0.0003521396720316261, 0.00038670841604471207, 0.0002531178470235318, 0.0002574189566075802, 0.0002564233145676553, 0.0006209359271451831, 0.00048390758456662297, 0.00030317888013087213, 0.0002538848202675581, 0.00027429810143075883, 0.00031402986496686935, 0.0002405404084129259, 0.00025636868667788804, 0.00034130827407352626, 0.0008577328990213573, 0.00046408409252762794, 0.00046404555905610323, 0.00027040138957090676, 0.0002911272458732128, 0.0002717009629122913, 0.0002172023814637214, 0.00044370145769789815, 0.0004324186884332448, 0.0006717498181387782, 61.70262145996094, NaN, NaN, NaN, NaN, NaN, NaN, NaN, NaN, NaN, NaN, NaN, NaN, NaN, NaN, NaN, NaN, NaN, NaN, NaN, NaN, NaN, NaN, NaN, NaN, NaN, NaN, NaN, NaN, NaN, NaN, NaN, NaN, NaN, NaN, NaN, NaN, NaN, NaN, NaN, NaN, NaN, NaN, NaN, NaN, NaN, NaN]}