{"train_loss": [3.770765007706359, 0.0929407455259934, 0.02016554935835302, 0.02885222708573565, 0.01883898815140128, 0.01597382203908637, 0.015563369786832482, 0.015355319832451642, 0.01370950962882489, 0.04332166584208608, 0.020004101912491024, 0.014942694106139243, 0.010667731112334877, 0.009134475199971348, 0.008950801566243172, 0.009290713933296502, 0.008438201039098203, 0.00969416304724291, 0.008810216444544494, 0.008580557361710817, 0.008069287694524974, 0.009549417183734477, 0.010352836921811104, 0.008358538732863963, 0.008357318525668234, 0.008481444558128715, 0.008037664461880922, 3.984604922850849, 2.168600029312074, 0.23142186948098242, 0.3491743728518486, 0.4068058030679822, 0.11822983773890883, 0.21656257938593626, 0.026552914350759238, 0.01655881298938766, 0.014237641706131399, 0.015369237633422017, 0.013513747020624578, 0.020748629642184824, 0.013631103094667196, 0.010802821605466306, 0.009177478787023574, 0.00870231055887416, 0.027826573757920414, 0.01677175029180944, 0.015707819198723882, 0.018058121320791543, 0.015814243524800986, 0.015538782288786024, 0.01545799832092598, 0.01544228132115677, 0.015424024953972548, 0.016274876019451767, NaN, NaN, NaN, NaN, NaN, NaN, NaN, NaN, NaN, NaN, NaN, NaN, NaN, NaN, NaN, NaN, NaN, NaN, NaN, NaN, NaN, NaN, NaN, NaN, NaN, NaN, NaN, NaN, NaN, NaN, NaN, NaN, NaN, NaN, NaN, NaN, NaN, NaN], "val_loss": [0.18725405633449554, 0.025776110589504242, 0.014380854554474354, 0.017884934321045876, 0.016830427572131157, 0.01612025685608387, 0.01589382439851761, 0.015679743140935898, 0.011300543323159218, 0.0317472405731678, 0.0184622835367918, 0.011066253297030926, 0.020266711711883545, 0.019027424976229668, 0.030712919309735298, 0.018306773155927658, 0.018758980557322502, 0.017407044768333435, 0.012902790680527687, 0.014326415956020355, 0.019548064097762108, 0.010384757071733475, 0.011841261759400368, 0.017167961224913597, 0.016453702002763748, 0.01552928052842617, 0.01618635654449463, 9.945941925048828, 0.4262276887893677, 0.5896671414375305, 0.4587012827396393, 0.01773199997842312, 0.5954931378364563, 0.020882630720734596, 0.016154853627085686, 0.016315385699272156, 0.011172720231115818, 0.01603752002120018, 0.015188287012279034, 0.015203246846795082, 0.013779758475720882, 0.01009485125541687, 0.010723114013671875, 0.04746750742197037, 0.017732812091708183, 0.015884390100836754, 0.018151171505451202, 0.016037311404943466, 0.016133205965161324, 0.015942910686135292, 0.015942616388201714, 0.015913518145680428, 0.015880143269896507, 0.018937544897198677, NaN, NaN, NaN, NaN, NaN, NaN, NaN, NaN, NaN, NaN, NaN, NaN, NaN, NaN, NaN, NaN, NaN, NaN, NaN, NaN, NaN, NaN, NaN, NaN, NaN, NaN, NaN, NaN, NaN, NaN, NaN, NaN, NaN, NaN, NaN, NaN, NaN, NaN]}