{"train_loss": [3.9747277251444757, 0.7466221994254738, 0.1145243727369234, 0.02321293397108093, 0.012181436060927808, 0.009739802218973637, 0.008988707442767918, 0.008697741606738418, 0.008455726085230708, 0.00889132561860606, 0.00850203144364059, 0.008282888971734792, 0.008661391504574567, 0.011205989751033485, 0.009273606818169355, 0.008973304415121675, 0.00826154340757057, 0.007992324011866003, 0.007904524478362873, 0.008177732699550688, 0.008349773706868291, 0.007819105579983443, 0.007654191111214459, 0.0076843864808324724, 0.007793416327331215, 0.008047802752116695, 0.007560769183328375, 0.007672138570342213, 0.008175914408639073, 0.007570235233288258, 0.007554533891379833, 0.008050394244492054, 0.007678529305849224, 0.007884736842243, 0.00753794246702455, 0.008093766344245523, 0.007998046552529559, 0.007375705084996298, 0.007850300578866154, 0.008381828898563981, 0.007510802912293002, 0.008967269328422844, 0.008811185136437416, 0.007906761456979439, 0.0077604572288692, 0.008179899217793718, 0.007723405928118154, 0.007460538938175887, 0.008090910676401109, 0.008101443760097027, 0.007873052527429536, 0.007879167940700427, 0.007504776061978191, 0.008234929468017071, 0.0077798561251256615, 0.007549431116785854, 0.007475331338355318, 0.008252892876043916, 0.008884273906005546, 0.008175423019565642, 0.007821730483556166, 0.007924982055556029, 0.007328275416512042, 0.007808871916495264, 0.008162490237737074, 0.007418006891384721, 0.007775607256917283, 0.008216387795982882, 22.2190872990177, 9.103086369112134, 0.43845898238942027, 0.05991246574558318, 0.02053468127269298, 0.01593664480606094, 0.015833866607863456, 0.015745525364764035, 0.016405016591306776, 0.015862900181673467, 0.015580438892357051, 0.01524760969914496, 0.02253865881357342, 0.017075613839551806, 0.1819296422181651, 1.9411050427006558, 1.666827731882222, 0.026247859001159668, 0.016306675504893064, 0.015702568052802235, 0.015562511282041669, 0.015533497906289995, 0.017103836697060615, 0.05072589503834024, 0.02315001911483705, 0.016528343956451863, 0.015717598842456937, 0.015532801335211843, 0.01531433401396498, 0.017988291627261788, 0.016038915899116546, 0.015602241677697748, 0.01549634209368378, 0.015397982147987932, 0.021055809396784753, 0.018096677027642727, 0.015869509312324226, 0.01555602642474696, 0.015543723478913307, 0.015519408043473959], "val_loss": [2.2020294666290283, 0.07906778901815414, 0.023857194930315018, 0.017293693497776985, 0.00984615832567215, 0.00930243544280529, 0.00939449854195118, 0.00930412020534277, 0.008812534622848034, 0.009547123685479164, 0.009150473400950432, 0.008935490623116493, 0.017036117613315582, 0.009270034730434418, 0.009070883505046368, 0.010075957514345646, 0.008568821474909782, 0.008851725608110428, 0.00875389575958252, 0.009350623935461044, 0.009230936877429485, 0.009539074264466763, 0.009180360473692417, 0.009695331566035748, 0.012735674157738686, 0.009413368999958038, 0.011716448701918125, 0.00938001461327076, 0.009281869046390057, 0.009099404327571392, 0.009550542570650578, 0.012453864328563213, 0.009495524689555168, 0.01090340968221426, 0.012071797624230385, 0.013613913208246231, 0.008800179697573185, 0.009056583978235722, 0.007528121117502451, 0.01071083638817072, 0.008242754265666008, 0.015162060968577862, 0.010813435539603233, 0.008534828200936317, 0.008826439268887043, 0.011545093730092049, 0.008892043493688107, 0.00983460620045662, 0.00888708233833313, 0.011555051431059837, 0.01150350458920002, 0.008859059773385525, 0.009597349911928177, 0.007809912320226431, 0.012064734473824501, 0.01076340489089489, 0.013232838362455368, 0.007352821994572878, 0.00920029729604721, 0.011791618540883064, 0.012122351676225662, 0.010839741677045822, 0.01056128740310669, 0.007610715925693512, 0.012805130332708359, 0.009436382912099361, 0.010829007253050804, 0.008571451529860497, 22.175729751586914, 1.5206844806671143, 0.05486535280942917, 0.021958457306027412, 0.016535919159650803, 0.016105616465210915, 0.018716171383857727, 0.017068462446331978, 0.016012439504265785, 0.016022881492972374, 0.015975698828697205, 0.016342833638191223, 0.02439381740987301, 0.01625538058578968, 2.00305438041687, 0.9077273607254028, 0.05617016181349754, 0.01829654537141323, 0.016442030668258667, 0.01602383702993393, 0.016011128202080727, 0.015789592638611794, 0.019551731646060944, 0.05560005083680153, 0.01597953774034977, 0.016577817499637604, 0.016056841239333153, 0.015967749059200287, 0.017575591802597046, 0.01601245254278183, 0.015961842611432076, 0.016023272648453712, 0.01598118059337139, 0.01573033817112446, 0.017259251326322556, 0.01601436175405979, 0.016142496839165688, 0.01605873554944992, 0.01605287753045559, 0.015959687530994415]}