{"train_loss": [0.061555176274850965, 0.016089078912045807, 0.005934591608820483, 0.002957909644464962, 0.00199727741710376, 0.0016880217008292675, 0.0015699553696322255, 0.0014891132159391418, 0.0014117737810011022, 0.0013408703161985613, 0.0012787517262040637, 0.00120753933879314, 0.0012294134503463283, 0.0011174177780048922, 0.0012339878812781535, 0.0013280228813528083, 0.0009995671243814286, 0.0008886892173904926, 0.0009951478386938106, 0.0008793633569439407, 0.0008946996349550318, 0.0007667408972338308, 0.0006953490628802683, 0.0009243490603694227, 0.0006994626783125568, 0.000680553559504915, 0.0006894534453749657, 0.0007007230851741042, 0.0006917511818755884, 0.0007116706328815781, 0.0006396739699994214, 0.0008869164921634365, 0.0007253445073729381, 0.0005480465661094058, 0.0006467884122685064, 0.0006863337075628806, 0.000573976882151328, 0.0005191075815673685, 0.0005604918933386216, 0.0005823808987770462, 0.0005142431346030207, 0.0005305043105181539, 0.0008326577408297453, 0.0027970139308308717, 0.0010943015658995137, 0.000702535042364616, 0.0005519205496966606, 0.0005064591641712468, 0.0005292631867632736, 0.000501576736496645, 0.0005102910745335976, 0.000586577007197775, 0.0004890594227617839, 0.00044106633504270576, 0.000723481167369755, 0.0004607508690241957, 0.00043141671994817443, 0.0004382015104056336, 0.0005894873356737662, 0.0009212677341565723, 0.0005760170970461331, 0.0004407090582390083, 0.0004149831111135427, 0.000373972690795199, 0.00039250232293852605, 0.00037368897392298095, 0.00048514558147871867, 0.0003940839505958138, 0.00035787513297691476, 0.0005186095713725081, 0.00039682836541032884, 0.0003829708766716067, 0.00035352645500097424, 1.9025371364496095, 0.9251088574528694, 0.08852974465116858, 0.13506985048297793, 0.029821565898600966, 0.01646752847591415, 0.015719682502094656, 0.015577197074890137, 0.015612080343998969, 0.015581997693516314, 0.015608351968694478, 0.015563491615466774, 0.015580597973894328, 0.015611805662047118, 0.015625753439962864, 0.015584559412673116, 0.015618506236933172, 0.015599597012624145, 0.015618650650139898, 0.015602785220835358, 0.01561200461583212, 0.015604680753313005, 0.015603361127432436, 0.015604468062520027, 0.015567316033411771, 0.015590547933243215, 0.015578350517898798, 0.015594639000482857, 0.01557969901477918, 0.015581916668452322], "val_loss": [0.016974175348877907, 0.0067765130661427975, 0.0033429921604692936, 0.0021970344241708517, 0.0016143975080922246, 0.0015060922596603632, 0.0013856178848072886, 0.001341447583399713, 0.0012483882019296288, 0.0011969006154686213, 0.0010834421264007688, 0.0011326842941343784, 0.00099415541626513, 0.00114121672231704, 0.0017685674829408526, 0.0011746668023988605, 0.0007587348227389157, 0.0007226592861115932, 0.0007547377608716488, 0.0006181317730806768, 0.0006186917307786644, 0.0005627626087516546, 0.0005081394338048995, 0.0008132260991260409, 0.0005007197614759207, 0.0005347677506506443, 0.0007426109514199197, 0.0005453340709209442, 0.0004207411257084459, 0.0004631356569007039, 0.0004584507260005921, 0.0006279347580857575, 0.0004564426199067384, 0.0004972078022547066, 0.0004752265231218189, 0.000736303860321641, 0.00038775269058533013, 0.0008204198675230145, 0.0004028212861157954, 0.0006722668185830116, 0.0008123631123453379, 0.0006052468088455498, 0.0011085099540650845, 0.0012222102377563715, 0.0012811225606128573, 0.000462863506982103, 0.0004230870399624109, 0.0004479692433960736, 0.0003502365143503994, 0.0005040590767748654, 0.00039808370638638735, 0.0003638820198830217, 0.000316685443976894, 0.00043861838639713824, 0.000651483191177249, 0.0005727272946387529, 0.0004124870174564421, 0.00040525602526031435, 0.0006679052021354437, 0.0005331228603608906, 0.0010606483556330204, 0.0011497975792735815, 0.000949347042478621, 0.0005254964926280081, 0.0009256160701625049, 0.0018038281705230474, 0.0010528931161388755, 0.0007580973906442523, 0.0007257434772327542, 0.000971187895629555, 0.0010895992163568735, 0.001036407076753676, 0.0008231389801949263, 6.300070762634277, 0.06831507384777069, 0.04076921567320824, 0.11520491540431976, 0.016160037368535995, 0.01626434177160263, 0.01599675603210926, 0.016096442937850952, 0.016033204272389412, 0.016011489555239677, 0.01600240170955658, 0.016019731760025024, 0.015988007187843323, 0.015979338437318802, 0.01600836031138897, 0.015993084758520126, 0.016078555956482887, 0.015978939831256866, 0.015976903960108757, 0.01605001464486122, 0.015979643911123276, 0.016032183542847633, 0.0160372257232666, 0.015986813232302666, 0.015982041135430336, 0.015983521938323975, 0.015993241220712662, 0.016056492924690247, 0.01597520150244236, 0.01608242280781269]}