{"train_loss": [29.237678893841803, 0.35467897076159716, 0.09812157391570508, 0.025181019271258265, 0.009056258801138029, 0.0057877857179846615, 0.00485337243299, 0.003949203935917467, 0.00260361994151026, 0.0019714272129931487, 0.0017917778313858435, 0.002416985560557805, 0.0038684436585754156, 0.00235296744358493, 0.0018670210920390673, 0.0015583286731271073, 0.0017450494633521885, 0.001655807049246505, 0.0012988005837542005, 0.0021076635166537017, 0.003036918365978636, 0.002408091546385549, 0.0015360239485744387, 0.0013959825519123115, 0.0013410392275545746, 0.0016674965299898759, 0.0056622705815243535, 0.0023975035510375164, 0.004973816343408544, 0.006292639816820156, 0.0022226669680094346, 0.001343935407930985, 0.0011067603481933475, 0.001100328427128261, 0.0010564277690718882, 0.0019850322205456905, 0.001029338309308514, 0.001456794016121421, 0.0021732931345468387, 0.0012634595550480299, 0.00101019623252796, 0.0009628315419831779, 0.0010525915495236404, 0.0012016833970847074, 0.0009584282961441204, 0.001247431595402304, 0.0017159724702651147, NaN, NaN, NaN, NaN, NaN, NaN, NaN, NaN, NaN, NaN, NaN, NaN, NaN, NaN, NaN, NaN, NaN, NaN, NaN, NaN, NaN, NaN, NaN, NaN, NaN, NaN, NaN, NaN, NaN, NaN, NaN, NaN, NaN, NaN, NaN, NaN, NaN, NaN, NaN, NaN, NaN, NaN, NaN, NaN, NaN, NaN, NaN, NaN], "val_loss": [0.18070340156555176, 0.09989684820175171, 0.09444469958543777, 0.011094586923718452, 0.007029941771179438, 0.005643772426992655, 0.004557675216346979, 0.003304534824565053, 0.002107292413711548, 0.0018757062498480082, 0.0019365315092727542, 0.004960561171174049, 0.0024863709695637226, 0.002606441034004092, 0.0017325575463473797, 0.0014226227067410946, 0.0016130129806697369, 0.0013630411121994257, 0.0018680375069379807, 0.0018373187631368637, 0.0033905948512256145, 0.0015754436608403921, 0.0013324583414942026, 0.0017193921376019716, 0.0012304382398724556, 0.001973808277398348, 0.0043070814572274685, 0.0018867221660912037, 0.01388604287058115, 0.002528182463720441, 0.0015215156599879265, 0.0013275796081870794, 0.0009507478680461645, 0.0008728673565201461, 0.004084303975105286, 0.0013152246829122305, 0.0008757925825193524, 0.001925731892697513, 0.001433050143532455, 0.0009289311710745096, 0.001305700046941638, 0.000925479456782341, 0.0008935074438340962, 0.0011994221713393927, 0.0007656455272808671, 0.0011305082589387894, 0.005695152562111616, NaN, NaN, NaN, NaN, NaN, NaN, NaN, NaN, NaN, NaN, NaN, NaN, NaN, NaN, NaN, NaN, NaN, NaN, NaN, NaN, NaN, NaN, NaN, NaN, NaN, NaN, NaN, NaN, NaN, NaN, NaN, NaN, NaN, NaN, NaN, NaN, NaN, NaN, NaN, NaN, NaN, NaN, NaN, NaN, NaN, NaN, NaN, NaN]}