{"train_loss": [2.6327528692781925, 0.041978439141530544, 0.011952160741202533, 0.009682324365712702, 0.008671364048495889, 0.008347699127625674, 0.008591281366534531, 0.00821682857349515, 0.008000213594641536, 0.00789933031774126, 0.007637328002601862, 0.007749158568913117, 0.00768676694133319, 0.008253731270087883, 0.007732048281468451, 0.007453706639353186, 0.007414986583171412, 0.007510697789257392, 0.008530605846317485, 0.007984746567672119, 0.007741055364022031, 0.007731984165729955, 0.007300538738491014, 0.007439288339810446, 0.007552756258519366, 0.007589698099764064, 0.007561363774584606, 0.008007131284102798, 0.00766996736638248, 0.007150663674110547, 0.007405832089716569, 0.007287783548235893, 0.007770478550810367, 0.007784713874571025, 0.007121509232092649, 0.007374871696811169, 0.007848299079341814, 0.00765853890334256, 0.007911448046797886, 0.007688273646635935, 0.007513586082495749, 0.007355884212302044, 0.00744667075923644, 0.008165476669091731, 0.007475798309314996, 0.007291979069123045, 0.007116517430404201, 0.008677725330926478, 0.008962443505879492, 0.008267552446341142, 0.007654843444470316, 0.007276023970916867, 0.00756521979928948, 0.0072740249743219465, 0.00749621563591063, 0.007887617772212252, 0.0072152304637711495, 0.0070876469544600695, 0.007860642246669158, 0.007713363360380754, 0.007678295252844691, 0.007567664055386558, 0.0075386883690953255, 0.007760631095152348, 0.007743427267996594, 0.007738626882201061, 0.007461449917173013, 0.0070390588662121445, 0.00817385848495178, 0.007902220182586461, 0.008188813662854955, 0.007885652099503204, 0.007348549901507795, 0.007262155530042946, 0.007754283695248887, 0.007418487424729392, 0.007268509041750804, 0.00845234701409936, 0.007533150754170492, 0.00733703380683437, 0.00788750863284804, 0.008033498423174024, 0.008328415802679956, 0.008559098845580593, 0.008447839558357373, 0.00792362488573417, 0.0077251531183719635, 0.007715488463873044, 0.007961220166180283, 0.007109074620530009, 0.0070256118779070675, 0.007452568359440193, 0.008130359929054976, 0.00760602205991745, 0.007444458198733628, 0.006971543887630105, 0.007935977570014074, 0.008672175201354548, 0.008351806463906541], "val_loss": [0.19573765993118286, 0.043757114559412, 0.022895267233252525, 0.01662384159862995, 0.014488761313259602, 0.013876331970095634, 0.015472802333533764, 0.01575552299618721, 0.013546040281653404, 0.016815602779388428, 0.01572779007256031, 0.015195159241557121, 0.02273351512849331, 0.01711786910891533, 0.015520877204835415, 0.014200767502188683, 0.016544459387660027, 0.016200924292206764, 0.012374956160783768, 0.016214875504374504, 0.012585341930389404, 0.01628299243748188, 0.015114427544176579, 0.012254190631210804, 0.012262474745512009, 0.013522068038582802, 0.013531389646232128, 0.01574934646487236, 0.012599396519362926, 0.015613213181495667, 0.019037073478102684, 0.01545561570674181, 0.01542292907834053, 0.014384265057742596, 0.01627250388264656, 0.01266556978225708, 0.015337742865085602, 0.011298151686787605, 0.013899610377848148, 0.01464529987424612, 0.014407118782401085, 0.015323796309530735, 0.014716638252139091, 0.010649474337697029, 0.012074876576662064, 0.0144090810790658, 0.02011777088046074, 0.01351590733975172, 0.008817115798592567, 0.011868798173964024, 0.014438807033002377, 0.013889177702367306, 0.010265285149216652, 0.013484991155564785, 0.015515100210905075, 0.012793878093361855, 0.014316942542791367, 0.012872629798948765, 0.01115184836089611, 0.012136472389101982, 0.015192361548542976, 0.013727247714996338, 0.017498554661870003, 0.015438062138855457, 0.013573179952800274, 0.01597299985587597, 0.012108242139220238, 0.016298159956932068, 0.00990759115666151, 0.012672780081629753, 0.01382454577833414, 0.014666198752820492, 0.01429910771548748, 0.011666951701045036, 0.01134545262902975, 0.013612041249871254, 0.014193945564329624, 0.01181825902312994, 0.01417283434420824, 0.012570547871291637, 0.01217495184391737, 0.01113545335829258, 0.012432549148797989, 0.013320310972630978, 0.013110801577568054, 0.014697758480906487, 0.014083169400691986, 0.01075809821486473, 0.014739124104380608, 0.012015743181109428, 0.014223422855138779, 0.015256834216415882, 0.013672666624188423, 0.012085242196917534, 0.013073723763227463, 0.011801003478467464, 0.01102124061435461, 0.02018877863883972, 0.013440940529108047]}