{"train_loss": [5.404044956434518, 0.22678003809414804, 0.03264573257183656, 0.013550009345635772, 0.009591255569830537, 0.009073724853806198, 0.008710362948477268, 0.009078392526134849, 0.009342875564470887, 0.008711124712135643, 0.008486034465022385, 0.008355039521120489, 0.008388683199882507, 0.008284034498501569, 0.008163255755789578, 0.008158877841196954, 0.008379109960515052, 0.008165018924046308, 0.007955957553349435, 0.007911837805295363, 0.00823143997695297, 0.008130308764521033, 0.007822485902579501, 0.007693326071603224, 0.008717684948351234, 0.008560189919080585, 0.007862416736315936, 0.008128049201332033, 0.007876080489950255, 0.008035442413529381, 0.00783277244772762, 0.008207569917431101, 0.008113122807117179, 0.007680598821025342, 0.008997581840958446, 0.008740637713344768, 0.007836096832761541, 0.007684237702051178, 0.008353271434316412, 0.008286476222565398, 0.007934447436127812, 0.008060538297286257, 0.00882460767752491, 0.008528255391865969, 0.007836170465452597, 0.008094274380709976, 0.009414476924575865, 0.007957725611049682, 0.007843245199183002, 0.007835864293156192, 0.008420385449426249, 0.008034882048377767, 0.008728873683139682, 0.008205647027352825, 0.009487024799454957, 0.00830809015315026, 0.00832859703223221, 0.008924199239118025, 0.00867991498671472, 0.008229894534451887, 0.007698519970290363, 0.008096691075479612, 0.008714886498637497, 0.008427716384176165, 0.007948861719341949, 0.008024539158213884, 0.007535099575761706, 0.00806042505428195, 0.008329775970196351, 0.008090911229373887, 0.00807242890005, 0.008021655870834365, 0.00854588983929716, 0.008055795304244384, 0.008072441851254553, 0.008756192837608978, 0.009069587715202942, 0.007751135184662417, 0.009723444003611803, 0.009113940701354295, 0.008420672209467739, 0.008636949234642088, 0.007985697913682088, 0.007758587831631303, 0.008023492846405134, 0.007936998503282666, 0.007656644360395148, 0.007947644364321604, 0.00801575422519818], "val_loss": [1.3432188034057617, 0.023413043469190598, 0.029258670285344124, 0.01221540942788124, 0.009985986165702343, 0.009775536134839058, 0.010682105086743832, 0.009814169257879257, 0.009354032576084137, 0.009902975521981716, 0.009334908798336983, 0.00909461546689272, 0.009134664200246334, 0.010161795653402805, 0.009519954212009907, 0.009619220159947872, 0.013160008005797863, 0.010089358314871788, 0.010026785545051098, 0.010462210513651371, 0.012066003866493702, 0.0103569645434618, 0.010420327074825764, 0.012574870139360428, 0.01439087837934494, 0.010313140228390694, 0.010862070135772228, 0.010815096087753773, 0.009943579323589802, 0.009657238610088825, 0.0104816984385252, 0.01180361956357956, 0.01233366783708334, 0.012857998721301556, 0.011971583589911461, 0.012534976936876774, 0.015049203298985958, 0.011026821099221706, 0.008775660768151283, 0.01049533300101757, 0.011315980926156044, 0.01368366926908493, 0.014276868663728237, 0.011393616907298565, 0.013825252652168274, 0.010942826978862286, 0.009888334199786186, 0.016149360686540604, 0.010458581149578094, 0.020021282136440277, 0.01055078487843275, 0.01941182091832161, 0.01678711734712124, 0.00969240814447403, 0.018303504213690758, 0.01165953278541565, 0.017645608633756638, 0.011797215789556503, 0.014084290713071823, 0.011538016609847546, 0.016476955264806747, 0.015060057863593102, 0.010895935818552971, 0.011175873689353466, 0.011627881787717342, 0.0136269461363554, 0.013305244036018848, 0.012940705753862858, 0.015124134719371796, 0.018703656271100044, 0.0140018155798316, 0.01203247345983982, 0.013686636462807655, 0.011569250375032425, 0.01918257400393486, 0.012499925680458546, 0.018780937418341637, 0.011826527304947376, 0.00979576725512743, 0.01875344291329384, 0.01438351720571518, 0.013067393563687801, 0.012022732757031918, 0.013739904388785362, 0.01847611740231514, 0.011636026203632355, 0.019248539581894875, 0.013416592963039875, 0.012820379808545113]}