{"train_loss": [3.4268590989522636, 0.5011037718504667, 0.1870605901349336, 0.013544731074944139, 0.009454464074224234, 0.008631191565655172, 0.008293822698760778, 0.010953151650028303, 0.01612343540182337, 0.01049099484225735, 0.008956216974183917, 0.008389325579628348, 0.009083474549697712, 0.007857347431126982, 0.005555701238336042, 0.010325737937819213, 0.022677750326693058, 0.01028186091571115, 0.004158507945248857, 0.002868952287826687, 0.0028151401347713545, 0.0027402486884966493, 0.003665320808067918, 0.009946649894118309, 0.006225518256542273, 0.0027747009007725865, 0.002405677776550874, 0.0024381136026931927, 0.002442757904645987, 0.003688987606437877, 0.0033105558395618573, 0.0024360221723327413, 0.0027185563376406208, 0.002410283253993839, 0.0027751904126489535, 0.002257019586977549, 0.01258016143401619, 0.02033477701479569, 0.07121499854838476, 12.039295118302107, 4.061517156660557, 2.8560061901807785, 1.022260540514253, 0.830670588533394, 0.7236266918480396, 0.06641880364622921, 0.026482696237508208, 0.015233066806104034, 0.01935781940119341, 0.023379865451715887, 0.017523828544653952, 0.015897559409495443, 0.015603892912622541, 0.015553249162621796, 0.014936317631509155, 0.02370009006699547, 0.017966584535315633, 0.015831660653930157, 0.0156063053291291, 0.015566503279842436, 0.015530980832409114, 0.015499817323870957, 0.015463966003153473, 0.015367853862699121, 0.02839915791992098, 0.08127936598611996, 0.13418054045177996, 0.09522186499089003, 0.6733374854084104, 1.3623174756066874, 0.15185712650418282, 0.06368702452164143, 0.020870524225756526, 0.015839795873034745, 0.015503564442042261, 0.01602458319393918, 0.011651889595668763, 0.01355646934825927, 0.015697126858867705, 0.015514068421907723, 0.015464314550627023, 0.015056147647555918, 0.018253855814691633, 0.1798948406940326, 0.2893138532526791, 0.27374379674438387], "val_loss": [3.97589111328125, 0.0871950313448906, 0.013943915255367756, 0.02571258321404457, 0.01663627289235592, 0.013618534430861473, 0.011480370536446571, 0.01633707620203495, 0.011306779459118843, 0.010287495329976082, 0.00948711484670639, 0.008972305804491043, 0.015513328835368156, 0.006301523186266422, 0.006284593138843775, 0.006428633350878954, 0.032579973340034485, 0.005850994493812323, 0.0060887024737894535, 0.003063180483877659, 0.00699782557785511, 0.003783376421779394, 0.007063301745802164, 0.007874859496951103, 0.005180304404348135, 0.004530067089945078, 0.003631188068538904, 0.0035775003489106894, 0.0075205247849226, 0.0035803227219730616, 0.0035951652098447084, 0.003155478509142995, 0.002216462744399905, 0.00226500048302114, 0.0034426439087837934, 0.002006357302889228, 0.02691112644970417, 0.017605898901820183, 2.36604642868042, 5.041487693786621, 3.0717363357543945, 8.84367847442627, 0.3535459041595459, 0.7568411231040955, 0.07221361994743347, 0.03062213771045208, 0.014577575959265232, 0.018183588981628418, 0.016099927946925163, 0.022339198738336563, 0.017025288194417953, 0.01610150933265686, 0.01599293015897274, 0.01596199721097946, 0.011549733579158783, 0.017215752974152565, 0.0162036195397377, 0.016098758205771446, 0.015981480479240417, 0.015964573249220848, 0.015947923064231873, 0.015979774296283722, 0.015903858467936516, 0.015604399144649506, 0.015940645709633827, 0.01772947609424591, 0.4127175807952881, 0.019648252055048943, 2.0933470726013184, 1.104429841041565, 0.024424389004707336, 0.02449779398739338, 0.01625196821987629, 0.01606176234781742, 0.015860719606280327, 0.017896605655550957, 0.008058460429310799, 0.01620214432477951, 0.015974901616573334, 0.01593785360455513, 0.015883345156908035, 0.013638807460665703, 0.018877780064940453, 1.1440411806106567, 0.12160364538431168, 2.0631296634674072]}