{"train_loss": [4321.108516480774, 190.42694997787476, 323.55488646030426, 126.36043345928192, 13.582971535623074, 260.59907844662666, 23.87599216401577, 14.475557431578636, 90.84346752613783, 9.288491249084473, 14.366589043289423, 5.267380942590535, 1.6005875952541828, 1.2100092079490423, 0.22558575368020684, 0.8931430177763104, 0.9879081614781171, 1.2947763041593134, 4.620877047069371, 8.923789062071592, 4.3164976723492146, 1.2139651235193014, NaN, NaN, NaN, NaN, NaN, NaN, NaN, NaN, NaN, NaN, NaN, NaN, NaN, NaN, NaN, NaN, NaN, NaN, NaN, NaN, NaN, NaN, NaN, NaN, NaN, NaN, NaN, NaN, NaN, NaN, NaN, NaN, NaN, NaN, NaN, NaN, NaN, NaN, NaN, NaN, NaN, NaN], "val_loss": [706.275390625, 21.326725006103516, 285.0885009765625, 18.060710906982422, 73.60804748535156, 70.68016815185547, 11.578679084777832, 1.3145030736923218, 43.33694076538086, 17.864927291870117, 3.149578332901001, 2.443687915802002, 4.137080669403076, 0.01989659294486046, 1.4101427793502808, 2.4417200088500977, 0.1714939922094345, 1.4198657274246216, 30.150535583496094, 12.828667640686035, 0.1882706880569458, 74.39065551757812, NaN, NaN, NaN, NaN, NaN, NaN, NaN, NaN, NaN, NaN, NaN, NaN, NaN, NaN, NaN, NaN, NaN, NaN, NaN, NaN, NaN, NaN, NaN, NaN, NaN, NaN, NaN, NaN, NaN, NaN, NaN, NaN, NaN, NaN, NaN, NaN, NaN, NaN, NaN, NaN, NaN, NaN]}