{"train_loss": [167.27841268200427, 16.178947798907757, 3.8201434989459813, 3.0907118604518473, 3.672413338907063, 0.9813106805086136, 0.6518256040289998, 1.6219986074138433, 0.7952618135605007, 0.15638640185352415, 0.1904652309603989, 0.1286094036186114, 0.07265667722094804, 0.030103445169515908, 0.017762508883606642, 0.023694519652053714, 0.019093744282145053, 0.014694853569380939, 0.01679978665197268, 0.03336847628816031, 0.2560455206548795, 0.7479323915904388, 0.04551366559462622, 0.024687191646080464, 0.23810914577916265, 0.05993367696646601, 0.02626965695526451, 0.012342177331447601, 0.042809586971998215, 0.019680874596815556, 0.052886990015394986, 1.5138484886847436, 0.23674686520826072, 1.0289371880935505, 0.1125991971930489, 0.015531965531408787, 0.016833066300023347, 0.014422728796489537, 0.023366505920421332, 0.017621392908040434, 0.016016543086152524, 0.016375254839658737, 0.02618282299954444, 0.019808872835710645, 0.02250815386651084, 0.019550925586372614, 5.607252285815775, 4.847398745594546, 0.7756375635508448, 0.15492841973900795, 0.04545599257107824, 0.09148378879763186, 0.026661581301596016, 0.01605027075856924, 0.015528792631812394, 0.016827306826598942, 0.3362973952316679, 2.4895462142303586, 1.5396112594753504, 0.0823118585976772, 0.03797878959449008, 0.02307948184898123, 0.0160137748462148, 0.07627275260165334, 0.029491822002455592, 0.017070414556656033, 0.015561915992293507, 0.022988061769865453, 0.017228416982106864], "val_loss": [65.4664306640625, 4.505096912384033, 3.0100789070129395, 9.462053298950195, 0.524125337600708, 0.8106971979141235, 1.9369924068450928, 1.3765838146209717, 0.051568321883678436, 0.2101459801197052, 0.13358469307422638, 0.21280865371227264, 0.05600575730204582, 0.02370045892894268, 0.016724837943911552, 0.024093683809041977, 0.01856205426156521, 0.016461972147226334, 0.012913275510072708, 0.016177115961909294, 0.12649646401405334, 0.10038460791110992, 0.016104578971862793, 0.2771593928337097, 0.01673019491136074, 0.06985804438591003, 0.013907398097217083, 0.026207273826003075, 0.024302106350660324, 0.01613759808242321, 0.06598401069641113, 0.08038107305765152, 0.03279157727956772, 0.029717469587922096, 0.01658490113914013, 0.017974896356463432, 0.016339560970664024, 0.019631104543805122, 0.019425736740231514, 0.014882376417517662, 0.022054892033338547, 0.02422872930765152, 0.017573773860931396, 0.04249361529946327, 0.018990814685821533, 0.017861293628811836, 2.299527645111084, 0.1070697158575058, 0.020799534395337105, 0.18960580229759216, 0.12614873051643372, 0.08215107023715973, 0.01794605888426304, 0.016109921038150787, 0.01544931810349226, 0.015172043815255165, 0.1675582379102707, 0.29254546761512756, 0.2556614577770233, 0.015686839818954468, 0.041922684758901596, 0.020359668880701065, 0.015794552862644196, 0.023604121059179306, 0.016871381551027298, 0.016484104096889496, 0.01449932437390089, 0.02181178890168667, 0.01690784841775894]}