{"train_loss": [121.0737412753515, 10.098113717511296, 4.541582141071558, 3.654471615329385, 2.4838363882154226, 6.194646566174924, 1.728178578428924, 0.8464489979669452, 0.27231204067356884, 0.044806648627854884, 0.023456620750948787, 0.038362113176845014, 0.07017494284082204, 0.8571269403910264, 0.3584051280049607, 0.06434141134377569, 0.021352268930058926, 0.01747480989433825, 0.013787819887511432, 0.014282487041782588, 0.015681967604905367, 0.02200027188519016, 0.016370916680898517, 0.022131110716145486, NaN, NaN, NaN, NaN, NaN, NaN, NaN, NaN, NaN, NaN, NaN, NaN, NaN, NaN, NaN, NaN, NaN, NaN, NaN, NaN, NaN, NaN, NaN, NaN, NaN, NaN, NaN, NaN, NaN, NaN, NaN, NaN, NaN, NaN, NaN, NaN, NaN, NaN, NaN, NaN, NaN, NaN, NaN, NaN, NaN, NaN], "val_loss": [34.256935119628906, 4.327131748199463, 6.788574695587158, 3.656949996948242, 2.8213555812835693, 2.582470655441284, 1.0903533697128296, 0.9802899956703186, 0.04403385519981384, 0.018960094079375267, 0.04685534909367561, 0.020743248984217644, 0.15790937840938568, 0.8256890773773193, 0.05580934137105942, 0.0458393357694149, 0.018684228882193565, 0.015789344906806946, 0.021685391664505005, 0.010384609922766685, 0.023558199405670166, 0.016677163541316986, 0.016145065426826477, 0.18540145456790924, NaN, NaN, NaN, NaN, NaN, NaN, NaN, NaN, NaN, NaN, NaN, NaN, NaN, NaN, NaN, NaN, NaN, NaN, NaN, NaN, NaN, NaN, NaN, NaN, NaN, NaN, NaN, NaN, NaN, NaN, NaN, NaN, NaN, NaN, NaN, NaN, NaN, NaN, NaN, NaN, NaN, NaN, NaN, NaN, NaN, NaN]}