{"train_loss": [3878.49519918859, 428.74343490600586, 259.7498507499695, 147.7457629442215, 89.44215098023415, 59.581233620643616, 56.08923587203026, 16.7534821331501, 8.492413006722927, 13.920382354408503, 9.094606596045196, 3.675322487950325, 36.9633514508605, 7.825000302866101, 20.737894990248606, 16.53298069932498, 1.9825709566939622, 0.8434348815353587, 0.16909927013330162, 1.2597740371711552, 0.3040066247340292, 0.45799680438358337, 7.870999880135059, 0.7406461908249184, 5.37838848400861, 8.343120020348579, NaN, NaN, NaN, NaN, NaN, NaN, NaN, NaN, NaN, NaN, NaN, NaN, NaN, NaN, NaN, NaN, NaN, NaN, NaN, NaN, NaN, NaN, NaN, NaN, NaN, NaN, NaN, NaN, NaN, NaN, NaN, NaN, NaN, NaN, NaN, NaN, NaN, NaN, NaN, NaN, NaN, NaN, NaN, NaN, NaN], "val_loss": [2136.126220703125, 275.5171203613281, 320.7394714355469, 196.27134704589844, 21.117795944213867, 5.493072509765625, 34.011966705322266, 3.0066113471984863, 75.82188415527344, 16.671863555908203, 8.667569160461426, 0.9136775732040405, 54.47266387939453, 2.936915874481201, 14.325984001159668, 2.7467522621154785, 7.290170192718506, 0.48066309094429016, 0.0912230983376503, 0.04773206636309624, 0.018879607319831848, 0.4608045518398285, 2.101392984390259, 0.7279754877090454, 31.214828491210938, NaN, NaN, NaN, NaN, NaN, NaN, NaN, NaN, NaN, NaN, NaN, NaN, NaN, NaN, NaN, NaN, NaN, NaN, NaN, NaN, NaN, NaN, NaN, NaN, NaN, NaN, NaN, NaN, NaN, NaN, NaN, NaN, NaN, NaN, NaN, NaN, NaN, NaN, NaN, NaN, NaN, NaN, NaN, NaN, NaN, NaN]}