{"train_loss": [2115.0965554313734, 36.45625488460064, 5.238378092646599, 6.130804572254419, 1.996707597747445, 0.6867735108826309, 1.2417987613007426, 0.18230815138667822, 0.025147826585453004, 0.010032435820903629, 0.006090654380386695, 0.0048035585205070674, 0.004107108878088184, 0.006680049555143341, 0.004211037230561487, 0.003264264843892306, 0.0029000659560551867, 0.009242491505574435, 0.0038891049043741077, 0.0028131749131716788, 0.0025746778555912897, 0.0024886293831514195, 0.0023852347367210314, 0.02143593432265334, 29.961299096699804, NaN, NaN, NaN, NaN, NaN, NaN, NaN, NaN, NaN, NaN, NaN, NaN, NaN, NaN, NaN, NaN, NaN, NaN, NaN, NaN, NaN, NaN, NaN, NaN, NaN, NaN, NaN, NaN, NaN, NaN, NaN, NaN, NaN, NaN, NaN, NaN, NaN, NaN, NaN, NaN, NaN, NaN, NaN, NaN, NaN, NaN, NaN, NaN], "val_loss": [61.32851028442383, 10.535065650939941, 12.970452308654785, 2.8242597579956055, 0.316892147064209, 0.9313464164733887, 0.6157169938087463, 0.0738237276673317, 0.011701545678079128, 0.008291329257190228, 0.005542736034840345, 0.004382593557238579, 0.010215455666184425, 0.005036394111812115, 0.0034526782110333443, 0.0031600689981132746, 0.0032781807240098715, 0.005668834317475557, 0.0032189777120947838, 0.002675483236089349, 0.002558415522798896, 0.0024515974801033735, 0.0023881159722805023, 0.3669954538345337, 321.6952209472656, NaN, NaN, NaN, NaN, NaN, NaN, NaN, NaN, NaN, NaN, NaN, NaN, NaN, NaN, NaN, NaN, NaN, NaN, NaN, NaN, NaN, NaN, NaN, NaN, NaN, NaN, NaN, NaN, NaN, NaN, NaN, NaN, NaN, NaN, NaN, NaN, NaN, NaN, NaN, NaN, NaN, NaN, NaN, NaN, NaN, NaN, NaN, NaN]}