{"train_loss": [55.99770479556173, 2.532325565814972, 2.8827704023569822, 0.6716764448210597, 1.907000073697418, 3.3413479793816805, 1.201331689953804, 0.945804335642606, 0.955685205757618, 0.12505636946298182, 0.13970973389223218, 0.23298584553413093, 0.15417625894770026, 0.49955320241861045, 0.3054640074260533, 0.26113547943532467, 0.05543417774606496, 0.020427423412911594, 0.015538375009782612, 0.017922151659149677, 0.016097141953650862, 0.015568866394460201, 0.01546209305524826, 0.015437408059369773, 0.01572196208871901, 0.015200173191260546, 0.028508792398497462, 0.01896619878243655, 0.016165177046786994, 0.015587173053063452, 0.01615977828623727, 0.016562464006710798, 0.029964882065542042, 0.019518939137924463, 0.016237093601375818, 0.015554642770439386, 0.31194669497199357, 0.41473017050884664, 0.19250991789158434, 0.2605577965732664, 0.4893882174510509, 0.02167196333175525, 0.028527358488645405, 0.018127778195776045, 0.01571436761878431, 0.015005036315415055, 0.0153140306356363, 0.01651493093231693, 0.01574104040628299, 0.015613801311701536, 0.01598641468444839, 0.015665210725273937, 0.015485681593418121, 0.27013330813497305, 1.504256023094058, 1.6950602948199958, 6.698261283105239, 6.094252298120409, 1.2542656388832256, 0.08821146830450743, 3.9852481043199077, 0.5509129943093285, 0.23804625717457384, 2.718905105837621, 0.15888010943308473, 1.3239679536782205, 2.3929790161782876, 1.0084702053572983, 0.17760534631088376], "val_loss": [0.9020054340362549, 4.745051383972168, 0.2570981979370117, 0.5795620083808899, 0.1348477452993393, 0.6051498651504517, 1.4439284801483154, 1.4984567165374756, 0.21670599281787872, 0.053579315543174744, 0.4451877176761627, 0.5703696608543396, 0.1771668642759323, 0.21361154317855835, 0.025200551375746727, 0.02344580553472042, 0.03486316651105881, 0.015957674011588097, 0.01188731286674738, 0.01598450355231762, 0.01600794494152069, 0.01592189259827137, 0.015919258818030357, 0.01471633743494749, 0.016167713329195976, 0.01518343761563301, 0.025375498458743095, 0.016107099130749702, 0.016530999913811684, 0.015930671244859695, 0.017242733389139175, 0.022322816774249077, 0.025222672149538994, 0.018660681322216988, 0.01599014922976494, 0.01495799608528614, 0.7877088785171509, 0.08973604440689087, 0.1676512062549591, 2.013193130493164, 0.016074465587735176, 0.015810856595635414, 0.02499566227197647, 0.016462931409478188, 0.014077667146921158, 0.015946336090564728, 0.013311193324625492, 0.01658231019973755, 0.016058212146162987, 0.015784243121743202, 0.017155254259705544, 0.01594318263232708, 0.01585773378610611, 0.11750394850969315, 0.15358294546604156, 14.082327842712402, 0.07465778291225433, 4.186903476715088, 0.020043306052684784, 0.24771609902381897, 0.25391560792922974, 0.35292962193489075, 0.5902429223060608, 0.39183658361434937, 2.6959338188171387, 0.7957287430763245, 0.07625976949930191, 0.18051199615001678, 0.1550634801387787]}