{"train_loss": [2.0423028470249847, 0.12974443659186363, 0.03138654603390023, 0.012987712339963764, 0.010088960465509444, 0.008966623048763722, 0.008762879064306617, 0.012138172751292586, 0.009481601882725954, 0.008602596062701195, 0.008308691147249192, 0.015282690874300897, 0.009692498890217394, 0.008755303104408085, 0.013478102249791846, 0.017294729012064636, 0.28708930511493236, 0.33286663447506726, 0.30659413360990584, 0.2008026393596083, 0.4079166129231453, 0.04686526767909527, 0.0797348654596135, 0.018757820886094123, 0.015847779461182654, 0.012699719285592437, 0.01929767453111708, 0.01573334459681064, 0.015545511269010603, 0.015497420798055828, 0.015474513173103333, 0.015460077323950827, 0.015441961702890694, 0.015327708388213068, 0.015583685308229178, 0.009114631684496999, 0.0049225347029278055, 0.008591801262809895, 0.009603063488611951, 0.004122814541915432, 0.0029737281147390604, 0.0034506719966884702, 0.004110718553420156, 0.004451256332686171, 0.005274859984638169, 0.0029752483387710527, 0.0033242373465327546, 0.005522483537788503, 0.0031754605151945725, 0.0024750060838414356, 0.004807059318409301, 0.003932235907996073, 0.0025363904860569164, 0.0024723741225898266, 0.004978320270311087, 0.0028788498020730913, 0.0025009731616592035, 0.0026225010951748118, 0.0024844201398082078, 0.0027208214305574074, 0.0027814091445179656, 0.006709539840812795, 0.004334643803304061, 0.0033026986639015377, 0.0025060829502763227, 0.003642753843450919, 0.0025924022775143385, 0.0022679454850731418, 0.002506071832613088, 0.0025602011737646535, 0.002649375470355153, 0.004956124525051564, 0.003717553729075007, 0.007461747183697298, 0.007146509335143492, 0.013552390068070963, 2.994271333795041, 2.239589805714786, 2.3178947381675243, 1.648849806864746, 0.10071225231513381, 0.028272723080590367, 0.01659341371851042, 0.020860968332272023, 0.02055499708512798, 0.014855560089927167, 0.016769424255471677, 0.03893850010354072, 0.06455110252136365, 0.029609072080347687, 0.018093174148816615, 0.01627515017753467, 0.019845222064759582, 0.04564304923405871, NaN, NaN, NaN, NaN, NaN, NaN, NaN, NaN, NaN, NaN, NaN, NaN, NaN, NaN, NaN, NaN, NaN, NaN, NaN, NaN, NaN, NaN, NaN], "val_loss": [0.21605610847473145, 0.051893413066864014, 0.016298430040478706, 0.010029268451035023, 0.009115156717598438, 0.00929322186857462, 0.008722919039428234, 0.01118986215442419, 0.009099530056118965, 0.008743489161133766, 0.008501170203089714, 0.010054615326225758, 0.008948203176259995, 0.009220123291015625, 0.033908989280462265, 0.013478386215865612, 0.030121224001049995, 0.8012834787368774, 0.023347241804003716, 0.05700916796922684, 0.06755121797323227, 0.02756926231086254, 0.03195541352033615, 0.0170732531696558, 0.01611151359975338, 0.021385913714766502, 0.016644151881337166, 0.015981895849108696, 0.01601560227572918, 0.015945956110954285, 0.01592191867530346, 0.015916720032691956, 0.015872372314333916, 0.015297016128897667, 0.012877237983047962, 0.005444630980491638, 0.0032618194818496704, 0.013694430701434612, 0.005426901392638683, 0.002970330882817507, 0.003201498882845044, 0.0068492884747684, 0.00354696623980999, 0.009476430714130402, 0.004158316645771265, 0.002460286021232605, 0.003963754512369633, 0.0043603950180113316, 0.0026321655604988337, 0.0024953149259090424, 0.004139093216508627, 0.0025884672068059444, 0.0024122591130435467, 0.004376632627099752, 0.003182158572599292, 0.0022775353863835335, 0.002255025552585721, 0.0023735130671411753, 0.0024897605180740356, 0.0021547835785895586, 0.0030726371333003044, 0.004064555279910564, 0.004375140182673931, 0.002555524231866002, 0.0021746743004769087, 0.003121448215097189, 0.0021462503354996443, 0.002521352842450142, 0.0035714185796678066, 0.0028128342237323523, 0.002700933488085866, 0.0036943198647350073, 0.003266500309109688, 0.00552571564912796, 0.0038179897237569094, 0.03190988302230835, 0.5016199946403503, 0.252638041973114, 0.7467736601829529, 0.020352372899651527, 0.028956416994333267, 0.01606040820479393, 0.015844369307160378, 0.02192990854382515, 0.021305322647094727, 0.022383682429790497, 0.012248381972312927, 0.017493436112999916, 0.016075555235147476, 0.016729416325688362, 0.016904471442103386, 0.019874203950166702, 0.01620870642364025, 0.06562043726444244, NaN, NaN, NaN, NaN, NaN, NaN, NaN, NaN, NaN, NaN, NaN, NaN, NaN, NaN, NaN, NaN, NaN, NaN, NaN, NaN, NaN, NaN, NaN]}