{"train_loss": [177.32771724276245, 9.086854912340641, 2.9951407318003476, 0.8355469598900527, 8.21359332324937, 2.770570842549205, 0.464032556861639, 0.47707142820581794, 0.8358164643868804, 0.04136826819740236, 0.027899101725779474, 0.019794876454398036, 0.015330257883761078, 0.02706906193634495, 0.018595216912217438, 0.015819038322661072, 1.3564155331696384, 0.7193926891777664, 0.5756128486245871, 0.8116780575364828, 0.43350215652026236, 0.6633968348614872, 3.890757020912133, 0.055033787968568504, 0.09838682203553617, 0.13181920943316072, 0.025225806224625558, 0.016290777071844786, 0.015605856198817492, 0.026309791661333293, 0.034468840109184384, 0.02055045502493158, 0.01926438615191728, 0.26444336818531156, 0.05695490201469511, 0.01705947011942044, 0.018289926112629473, 0.01643607550067827, 0.017492799961473793, 0.016644486924633384, 0.017023955995682627, 0.020919112488627434, 0.015600463026203215, 0.016183936211746186, 0.015715416870079935, 0.1169071348849684, 0.5379945669556037, 1.1301444205455482, 0.8856604847824201, 1.7679115906357765, 1.3518099021166563, 0.8272159803891554, 0.22740684961900115, 0.1274780222447589, 0.019179838709533215, 0.02367061987752095, 0.016051699756644666, 0.02402397256810218, 0.016819959331769496, 0.017680189397651702, 0.02022225223481655, 0.1388737621018663, 0.623457332374528, 1.2158726213965565, 0.7680878840619698, 0.4300105001311749, 0.5584959776024334, 0.10864358418621123, 0.018994854297488928, 0.01607362990034744, 0.018254431372042745, 0.020198740647174418, 0.0266429161420092, 0.01933202618965879, 0.015471231890842319, 0.1681842293473892, 0.37746469024568796, 0.7930325095076114, 0.7028548539383337, 1.4272204188164324, 0.09405849711038172, 0.10909683408681303, 0.13520204089581966, 0.5274315008427948, 0.07056141435168684, 0.019781034206971526, 0.015970081789419055, 0.015564761764835566, 0.015531014651060104, 0.015495246974751353, 0.015450699662324041, 0.062038333155214787, 1.2627734472043812, 0.4440854792483151, 1.148557685315609, 5.287832321133465, 0.745512269786559, 11.067813724279404, 5.457168780616485, 1.9096351494081318, 1.9647395730717108, 0.9235600751126185, 0.27231415337882936, 0.21490083320531994, 0.10066212771926075], "val_loss": [56.104740142822266, 0.6496933698654175, 2.03615665435791, 0.32971087098121643, 3.276374578475952, 0.7503798007965088, 1.5506037473678589, 0.12629008293151855, 0.03507092595100403, 0.027444949373602867, 0.02072177454829216, 0.018525423482060432, 0.014504523947834969, 0.019606338813900948, 0.01811639778316021, 0.013870117254555225, 1.700807809829712, 0.01825290359556675, 0.22113676369190216, 0.27786093950271606, 0.0555160716176033, 6.448655128479004, 0.0990138128399849, 0.017529303207993507, 0.07743389159440994, 0.027988657355308533, 0.016195407137274742, 0.0161589365452528, 0.015921179205179214, 0.05674388259649277, 0.03778700530529022, 0.016031894832849503, 0.01633884385228157, 0.49025723338127136, 0.017793457955121994, 0.015919160097837448, 0.01609303615987301, 0.016643986105918884, 0.02061978541314602, 0.013444988988339901, 0.01755673997104168, 0.01839521899819374, 0.014616190455853939, 0.01605011709034443, 0.060736093670129776, 0.1739833503961563, 2.367461919784546, 0.15784497559070587, 2.0418028831481934, 2.9080474376678467, 1.1353387832641602, 2.0477206707000732, 0.40056583285331726, 0.028141729533672333, 0.013335955329239368, 0.020701859146356583, 0.028200015425682068, 0.016525644809007645, 0.014629113487899303, 0.017061574384570122, 0.014905968680977821, 0.280168741941452, 0.43740329146385193, 0.03417064994573593, 2.2956929206848145, 0.01607436127960682, 1.1783398389816284, 0.01624675653874874, 0.01715990900993347, 0.015507207252085209, 0.018958989530801773, 0.015994012355804443, 0.023245682939887047, 0.017276350408792496, 0.04009104147553444, 0.5649089217185974, 0.4985859990119934, 2.610696315765381, 2.270232677459717, 0.05526834726333618, 0.13865339756011963, 0.5319951176643372, 0.04058429226279259, 0.07213960587978363, 0.03556627407670021, 0.017632389441132545, 0.016001330688595772, 0.015963444486260414, 0.01595284231007099, 0.015913188457489014, 0.015890968963503838, 0.20075319707393646, 0.657990574836731, 0.8981741666793823, 0.09270428866147995, 0.10072489827871323, 15.302886962890625, 1.160153865814209, 11.518477439880371, 0.18987403810024261, 1.1087415218353271, 1.1393773555755615, 0.16452422738075256, 0.04128125309944153, 0.08388626575469971]}