{"train_loss": [2.101095530553721, 0.02258000592701137, 0.009168728167423978, 0.0065915644518099725, 0.005610759282717481, 0.00508363448898308, 0.004390314919874072, 0.0045467237214325, 0.0034875718265539035, 0.0027830850158352405, 0.002328067275811918, 0.002131208893842995, 0.001954932675289456, 0.0018437555700074881, 0.0016912657010834664, 0.0020800892962142825, 0.005002905440051109, 0.0028979493654333055, 0.001974244289158378, 0.0016487125176354311, 0.0014731767732882872, 0.001673270555329509, 0.0024119470035657287, 0.001467980422603432, 0.0010889935801969841, 0.001146936814620858, 0.0009247801899618935, 0.0009483364156039897, 10.59372515121504, 15.124289371073246, 2.507247661240399, 1.4287216868251562, 0.6666868221946061, 0.054265747661702335, 0.01353793844464235, 0.005793588308733888, 0.0033106460905401036, 0.0026841432554647326, 0.0022960133792366832, 0.0020353900617919862, 0.007298402488231659, 0.00427438531187363, 0.0032896585325943306, 0.00289464918023441, 0.002849070035154, 0.0028337034163996577, 0.003002231562277302, 0.002640265505760908, 0.002482893571141176, 0.002590687116025947, 0.0023448942229151726, 0.002604740089736879, 0.0022794324613641948, 0.00302785073290579, 0.00247701870102901, 0.0021559804008575156, 0.0020847719424637035, 0.002183979348046705, 0.002086049789795652, 0.001871189204393886, 0.003070957689487841, 0.0032478537905262783, 0.0021697601914638653, 0.00184442237514304, 0.0017268723750021309, 0.0020185975736239925, 0.0015904276879155077, 0.002655848737049382, 0.0016208838642342016, 0.001685313880443573, 0.0017747718302416615, 0.0012962870969204232, 0.0009652080407249741, 0.0019415131464484148, 0.002137825133104343, 0.0011277246339886915, 0.0010228437458863482], "val_loss": [0.027028385549783707, 0.015657851472496986, 0.007736825384199619, 0.006191017106175423, 0.005534800700843334, 0.0049986946396529675, 0.004252137616276741, 0.0035105475690215826, 0.0033326363191008568, 0.0025001470930874348, 0.0022054072469472885, 0.002032338408753276, 0.0018581326585263014, 0.0016398306470364332, 0.0016224912833422422, 0.0034954200964421034, 0.00320622231811285, 0.002405020408332348, 0.001738324179314077, 0.0015497810672968626, 0.0013847232330590487, 0.005313596222549677, 0.0014982816064730287, 0.0012195812305435538, 0.0009859479032456875, 0.000829955970402807, 0.0007216152152977884, 0.0007486207177862525, 18.676755905151367, 2.791851043701172, 7.602897644042969, 2.638235569000244, 0.18549883365631104, 0.026624346151947975, 0.009274487383663654, 0.0038043889217078686, 0.0029615184757858515, 0.0024559125304222107, 0.0021722998935729265, 0.0024446144234389067, 0.005837860982865095, 0.0035758954472839832, 0.0031975957099348307, 0.0027733531314879656, 0.0030653018038719893, 0.0026029148139059544, 0.0028462435584515333, 0.0025863468181341887, 0.002419164637103677, 0.002492737490683794, 0.00237475149333477, 0.0024978239089250565, 0.0022137488704174757, 0.0024428507313132286, 0.0022850707173347473, 0.00209055352024734, 0.0020082886330783367, 0.0026313294656574726, 0.002029539318755269, 0.0017023553373292089, 0.0034595478791743517, 0.002030674833804369, 0.0019122776575386524, 0.0018330918392166495, 0.0018506295746192336, 0.0018769163871183991, 0.0015539454761892557, 0.002173021901398897, 0.0013429545797407627, 0.0013786694034934044, 0.0014846494887024164, 0.0009455006802454591, 0.0009632252622395754, 0.003795517375692725, 0.0013404384953901172, 0.0009660038049332798, 0.0008583998424001038]}