{"train_loss": [10.323047997895628, 0.08289104816503823, 0.019985927967354655, 0.016408337280154228, 0.01575065142242238, 0.01552016765344888, 0.023518912959843874, 0.32164043420925736, 0.02976789663080126, 0.020705949398688972, 0.014417349768336862, 0.02964835613965988, 0.017212760634720325, 0.0248971605906263, 0.028747469652444124, 0.01696236722636968, 0.01573492051102221, 0.08559856773354113, 0.0468763317912817, 0.025022355606779456, 0.046816757530905306, 0.022727300529368222, 0.1094151921570301, 0.1565111370291561, 0.05467680317815393, 0.020587325212545693, 0.016072630300186574, 0.015620002814102918, 0.0155369455460459, 0.01549771538702771, 0.015509282355196774, 0.014402866945602, 0.21538573957514018, 0.06759633007459342, 0.026329417363740504, 0.017872504540719092, 0.01627615379402414, 0.011360971489921212, 0.01218624209286645, 0.009868576191365719, 0.008935150341130793, 0.008574176114052534, 0.008522874384652823, 0.008322766574565321, 0.008319212531205267, 0.008387781796045601, 0.00841293582925573, 0.008905786846298724, 0.008371755946427584, 0.011206066701561213, 0.01034623954910785, 0.008824403339531273, 0.008333212812431157, 0.00848854728974402, 0.008321325585711747, 0.008277721412014216, 0.01100072223925963, 0.01695366040803492, 1.1052133004413918, 0.7475095586851239, 0.2601653804304078, 0.21713297092355788, 0.36604370328132063, 0.11401637480594218, 0.020343685057014227, 0.01699972676578909, 0.017922417842783034, 0.015859827923122793, 0.0202942059841007, 0.021958521334454417, 0.014572914282325655, 0.01340661128051579, 0.011563235311768949, 0.012361987435724586, 0.009549826558213681, 0.008949631941504776, 0.008759440621361136, 0.008751889457926154, 0.008723522594664246, 0.008810909988824278, 0.008758301846683025, 0.00870554381981492, 0.009910379012580961, 0.009548632544465363, 0.00890937022631988, 0.008783037774264812, 0.00882481224834919, 0.008875101164449006, 0.008742920530494303, 0.008674865472130477, 0.008727691427338868, 0.008812346262857318, 0.009271827701013535, 0.00895931088598445, 0.008555759210139513, 0.008533837040886283, 0.01191385620040819, 0.4533148997579701, 2.5913260132074356], "val_loss": [0.34116849303245544, 0.02315806970000267, 0.019035935401916504, 0.016456227749586105, 0.016059348359704018, 0.015836799517273903, 0.028267012909054756, 0.030615391209721565, 0.02225206047296524, 0.016948111355304718, 0.018414556980133057, 0.01975792460143566, 0.016428666189312935, 0.03430680185556412, 0.019526468589901924, 0.016484208405017853, 0.0159811582416296, 0.02400011382997036, 0.018602246418595314, 0.06360945850610733, 0.01932438462972641, 0.12458781152963638, 0.37847664952278137, 0.027904558926820755, 0.02353374846279621, 0.01766153611242771, 0.016062265262007713, 0.0161041971296072, 0.015961484983563423, 0.015969647094607353, 0.015953905880451202, 0.010650944896042347, 0.11599188297986984, 0.0532592348754406, 0.01724969409406185, 0.023727810010313988, 0.015395761467516422, 0.01130052749067545, 0.015620150603353977, 0.008917932398617268, 0.009886812418699265, 0.009631659835577011, 0.008865611627697945, 0.010390084236860275, 0.010815192945301533, 0.009686901234090328, 0.010785111226141453, 0.009359246119856834, 0.008342019282281399, 0.010322678834199905, 0.008693602867424488, 0.00876168254762888, 0.008477593772113323, 0.009960385039448738, 0.008817167021334171, 0.008522462099790573, 0.010609975084662437, 0.04966623708605766, 0.9666891098022461, 0.09963031858205795, 0.8577065467834473, 0.01609581522643566, 0.7815276980400085, 0.03790003061294556, 0.018445342779159546, 0.031671181321144104, 0.01684615947306156, 0.014955580234527588, 0.016042381525039673, 0.02035887911915779, 0.0174261461943388, 0.011111264117062092, 0.015443685464560986, 0.010285302996635437, 0.008974012918770313, 0.008877010084688663, 0.008761605247855186, 0.008692566305398941, 0.008933206088840961, 0.009194129146635532, 0.008655480109155178, 0.010061361826956272, 0.009122931398451328, 0.008944408968091011, 0.008868598379194736, 0.00913460087031126, 0.008625118061900139, 0.009579896926879883, 0.008721736259758472, 0.008933663368225098, 0.008758224546909332, 0.009301014244556427, 0.009530973620712757, 0.008648172952234745, 0.008513935841619968, 0.008434352464973927, 0.022650158032774925, 13.759294509887695, 0.3738105595111847]}