{"train_loss": [1.3101997338235378, 0.038777947484049946, 0.011184167640749365, 0.009340346790850163, 0.009318225551396608, 0.00858524051727727, 0.009300074947532266, 0.008708363573532552, 0.00799392448971048, 0.009660765004809946, 0.008614894293714315, 0.008003124938113615, 0.00814205501228571, 0.009914696158375591, 0.008497996488586068, 0.007926656515337527, 0.007860061043174937, 0.009132750012213364, 0.009535618301015347, 0.008995554147986695, 0.008061771921347827, 0.00789613273809664, 0.007774067897116765, 0.007726950367214158, 0.008932646829634905, 0.008737375785131007, 0.007753206591587514, 0.008047256909776479, 0.009100457857130095, 0.007950792642077431, 0.0077168954885564744, 0.008941453881561756, 0.008365966787096113, 0.0097491096239537, 0.008626229740912095, 0.009155126695986837, 0.008074700861470774, 0.007629275962244719, 0.008861130569130182, 0.010508045903407037, 2.7126492168172263, 5.209474861621857, 0.6452475320547819, 0.3925283948192373, 0.028048057691194117, 0.0183848311426118, 0.015371448535006493, 0.016878713911864907, 0.014579835580661893, NaN, NaN, NaN, NaN, NaN, NaN, NaN, NaN, NaN, NaN, NaN, NaN, NaN, NaN, NaN, NaN, NaN, NaN, NaN, NaN], "val_loss": [0.03848402574658394, 0.014532282948493958, 0.01287674717605114, 0.010080471634864807, 0.010039403103291988, 0.009320608340203762, 0.008857347071170807, 0.00949478056281805, 0.01325107179582119, 0.009352860040962696, 0.011104969307780266, 0.01115071028470993, 0.00930892862379551, 0.009885459206998348, 0.012931874953210354, 0.010530664585530758, 0.012625626288354397, 0.009089204482734203, 0.008758392184972763, 0.01275132317095995, 0.014298816211521626, 0.01444379985332489, 0.010090677998960018, 0.008902580477297306, 0.010320904664695263, 0.016462810337543488, 0.011790400370955467, 0.011021177284419537, 0.012316294945776463, 0.013392161577939987, 0.01541886292397976, 0.01122337207198143, 0.018854564055800438, 0.009277506731450558, 0.009592967107892036, 0.009746313095092773, 0.011296526528894901, 0.011471724137663841, 0.011352735571563244, 0.013784929178655148, 6.592257976531982, 0.2753935754299164, 3.0937793254852295, 0.022077230736613274, 0.019744718447327614, 0.016526391729712486, 0.01267081405967474, 0.015966329723596573, 0.01603892259299755, NaN, NaN, NaN, NaN, NaN, NaN, NaN, NaN, NaN, NaN, NaN, NaN, NaN, NaN, NaN, NaN, NaN, NaN, NaN, NaN]}