{"train_loss": [0.06642754189670086, 0.014223068894352764, 0.008946689602453262, 0.006689982605166733, 0.004330934141762555, 0.005009242129744962, 0.0030818302620900795, 0.0026679468428483233, 0.002558108142693527, 0.0024114868574542925, 0.0059316724218660966, 0.004169496241956949, 0.0026925628626486287, 0.0021687569824280217, 0.0025351960211992264, 0.0020417022387846373, 0.0017752717467374168, 0.001966649004316423, 0.0017690410459181294, 0.001543764075904619, 0.00147074007691117, 0.0024059290590230376, 0.0013836076250299811, 0.0012025750256725587, 0.0017607799090910703, 0.0016612861363682896, 0.001188517446280457, 0.0011612322959990706, 0.000952081049035769, 0.0015855418496357743, 0.0014386466282303445, 0.0008915373291529249, 0.0009481359738856554, 0.0012078291292709764, 0.0008705748186912388, 0.0007651782943867147, 0.0014359509659698233, 0.2308921911753714, 0.3872062370646745, 0.04719858034513891, 0.015824111527763307, 0.01061107829445973, 0.010053143603727221, 0.009331708250101656, 0.009166770440060645, 0.00892970262793824, 0.008778159390203655, 0.008542548050172627, 0.008430303714703768, 0.008340441854670644, 0.008254707674495876, 0.008328584488481283, 0.008092413656413555, 0.007882811332819983, 0.007982941198861226, 0.008550695521989837, 0.008038561820285395, 0.007986681128386408, 0.007864570245146751, 0.007634331966983154, 0.00766928298980929, 0.0077103988733142614, 0.008721387130208313, 0.007887941639637575, 0.007688739395234734, 0.007888508349424228, 0.00758796778973192, 0.007482419605366886, 0.007521807710872963, 0.00810639708652161, 0.007678602618398145, 0.0075354565342422575, 0.007351336738793179, 0.007338945986703038, 0.007353313209023327, 0.007315513241337612, 0.007453768659615889, 0.007887482992373407, 0.0073339683876838535, 0.007366189238382503, 0.008357958315173164, 0.0076123061298858374, 0.007345320947933942, 0.007612440531374887, 0.007394585263682529], "val_loss": [0.02418203093111515, 0.01231529749929905, 0.01212222408503294, 0.0050011081621050835, 0.00736986706033349, 0.0031075601000338793, 0.0035260971635580063, 0.0024370793253183365, 0.0038894861936569214, 0.0020603786688297987, 0.00696117989718914, 0.003283861791715026, 0.0021762223914265633, 0.0021231388673186302, 0.001861491589806974, 0.001705312984995544, 0.001472769770771265, 0.001555943163111806, 0.0015232948353514075, 0.0010996608762070537, 0.002743134740740061, 0.0016831695102155209, 0.0010269505437463522, 0.0009952259715646505, 0.0015362248523160815, 0.0011417989153414965, 0.000839676009491086, 0.0007906857645139098, 0.000625140150077641, 0.001170698436908424, 0.0009307964937761426, 0.0008097754325717688, 0.0012269137660041451, 0.0007641117554157972, 0.0005671011167578399, 0.0009560069302096963, 0.029054732993245125, 0.05827871710062027, 0.026528382673859596, 0.028581595048308372, 0.038019996136426926, 0.06571353226900101, 0.04951940476894379, 0.046118538826704025, 0.02782706543803215, 0.023701811209321022, 0.02076009288430214, 0.014659080654382706, 0.016553401947021484, 0.015314005315303802, 0.011638320051133633, 0.010926489718258381, 0.015881819650530815, 0.012168729677796364, 0.01825176738202572, 0.011320753023028374, 0.016466500237584114, 0.016346512362360954, 0.01394930575042963, 0.015388195402920246, 0.01453293114900589, 0.012989276088774204, 0.010198130272328854, 0.01274975948035717, 0.012691092677414417, 0.011548208072781563, 0.013392097316682339, 0.013647444546222687, 0.015016581863164902, 0.010494565591216087, 0.013355969451367855, 0.013829542323946953, 0.015384423546493053, 0.014168500900268555, 0.014075196348130703, 0.012367059476673603, 0.01229823101311922, 0.011990324594080448, 0.013966858386993408, 0.01119240466505289, 0.012599349953234196, 0.012046165764331818, 0.013199971057474613, 0.01096009649336338, 0.012546288780868053]}