{"train_loss": [118.28295811126009, 2.9522739730309695, 2.1268384219147265, 7.449262463953346, 1.8248983472585678, 2.7975483424961567, 0.7705452628433704, 1.454655610024929, 2.927056288346648, 1.0927317701280117, 0.34316314838360995, 0.04977989406324923, 0.019399774726480246, 0.01626103080343455, 0.01573566487058997, 0.015511681966017932, 0.015456650231499225, 0.0154387186630629, 0.01544166705571115, 0.015439453476574272, 0.015457147150300443, 0.019920098304282874, 0.016477621509693563, 0.015679205884225667, 0.01549225504277274, 0.015467180986888707, 0.015442756470292807, 0.01543790235882625, 0.015435061533935368, 0.0161320460611023, 0.019894956378266215, 0.016515111434273422, 0.019912323856260628, 0.015974518086295575, 0.0219852730515413, 0.07872202934231609, 0.05114963429514319, 0.02984663227107376, 0.01718310418073088, 0.015768365294206887, 0.016606285818852484, 0.015505949559155852, 0.015463855932466686, 0.03478600853122771, 1.974451196496375, 7.719508691923693, 2.374553367495537, 0.710006365319714, 0.06884614448063076, 15.841991325374693, 6.796425202395767, 0.1691199883352965, 0.020220311358571053, 0.016861537820659578, 0.016053926257882267, 0.014946221199352294, 0.10210183507297188, 1.9426183343166485, 0.15253256843425333, 0.1955726306186989, 0.25288950640242547, 0.1541965282522142, 0.048293083207681775, 0.021632449061144143, 0.016556100454181433, 0.01558365544769913, 0.02099516283487901, 0.016712841344997287, 0.015771351114381105, 0.016071079473476857, 0.015876158431638032, 0.01626767875859514, 0.016377890133298934, 0.04392567358445376, 0.049134959117509425, 0.03658938012085855, 0.017819457920268178, 0.01588006119709462, 0.01583750225836411, 0.01561307260999456, 0.015704722492955625, 0.016414439131040126, 0.025648190057836473, 0.02385005762334913, 0.016325511853210628, 0.015503777365665883, 0.016350450285244733, 0.01639486086787656, 0.015777479740791023, 0.01533335936255753, 0.026746425544843078, 0.04561931954231113, 0.017785983975045383, 0.016407905728556216, 0.016128804185427725, 0.015440463670529425, 0.02719320048345253, 0.021363703708630055, 0.016254572197794914, 0.01563219615491107, 0.01562788017326966, 0.01548998849466443, 0.015461789444088936, 0.01547379745170474, 0.016962622525170445, 0.01727679412579164, 0.015412200475111604, 0.27402467222418636, 0.31699632038362324, 1.4280662910314277, 0.37999491253867745, 0.36667489842511714, 2.662136468105018, 16.755073081469163, 10.23665664345026, 22.616934542544186], "val_loss": [19.362201690673828, 1.5561894178390503, 1.134175419807434, 4.698105812072754, 0.5862883925437927, 1.5250473022460938, 0.3859657645225525, 0.7123852372169495, 0.46752026677131653, 0.2289484739303589, 0.04907481372356415, 0.023366756737232208, 0.0169003214687109, 0.01682097464799881, 0.016114268451929092, 0.015936901792883873, 0.015925951302051544, 0.01592477411031723, 0.015916522592306137, 0.01591392233967781, 0.015279196202754974, 0.01692843623459339, 0.01624768041074276, 0.016117190942168236, 0.01593836024403572, 0.015950702130794525, 0.015925483778119087, 0.015907520428299904, 0.015917351469397545, 0.025485992431640625, 0.01686348393559456, 0.023361146450042725, 0.01788789965212345, 0.016280075535178185, 0.15665538609027863, 0.06012813374400139, 0.01730888895690441, 0.023186692968010902, 0.015990380197763443, 0.020193161442875862, 0.016063280403614044, 0.015928495675325394, 0.015901613980531693, 0.05216998979449272, 16.49419593811035, 5.275048732757568, 0.5588098168373108, 0.03201618790626526, 0.05721086636185646, 1.6957683563232422, 1.2220005989074707, 0.0213911235332489, 0.016961200162768364, 0.016297953203320503, 0.014259135350584984, 0.01499270461499691, 4.67143440246582, 0.01706233061850071, 0.030265184119343758, 0.08109740167856216, 0.29060232639312744, 0.09853698313236237, 0.017631469294428825, 0.020153990015387535, 0.015949251130223274, 0.012630493380129337, 0.020112723112106323, 0.0162881501019001, 0.01600431650876999, 0.016799403354525566, 0.01601007767021656, 0.020423904061317444, 0.014276405796408653, 0.05486059561371803, 0.03583269193768501, 0.017096666619181633, 0.017273368313908577, 0.01590319350361824, 0.01589398831129074, 0.015970339998602867, 0.016033362597227097, 0.015906546264886856, 0.016626177355647087, 0.019018379971385002, 0.01635082997381687, 0.01591789908707142, 0.016162479296326637, 0.016288628801703453, 0.01606547087430954, 0.01587863266468048, 0.01649792492389679, 0.016141558066010475, 0.01591748185455799, 0.01768650859594345, 0.01593545451760292, 0.014314994215965271, 0.030314851552248, 0.01709224097430706, 0.015940506011247635, 0.01669001765549183, 0.01599773019552231, 0.015933027490973473, 0.016015198081731796, 0.015805641189217567, 0.018782656639814377, 0.018183227628469467, 0.012985305860638618, 0.1572752147912979, 0.11917639523744583, 0.5089646577835083, 0.023155877366662025, 2.6722755432128906, 0.08624609559774399, 8.586320877075195, 2.3416759967803955, 3.6020379066467285]}