{"train_loss": [34.906976596685126, 1.1356280017644167, 1.6671144748106599, 1.3247115537524223, 0.20929662673734128, 0.9635475806426257, 7.851055532693863, 1.1547920412849635, 0.7938805664889514, 0.8466026531532407, 0.4267148179933429, 0.24544849782250822, 0.023742094868794084, 0.01665480074007064, 0.01691722695250064, 0.015801441040821373, 0.021647963556461036, 0.02398129878565669, 0.017132268869318068, 0.01658908772515133, 0.021797058347146958, 0.14866344002075493, 0.3490584484534338, 0.1271154273999855, 0.021334617980755866, 0.013852160540409386, 0.03470607625786215, 0.0193470026133582, 0.016256854578386992, 0.02260357845807448, 0.14179005043115467, 0.48406215058639646, 0.2804158382350579, 1.2064286294626072, 0.3992314273491502, 0.034744131029583514, 0.01697229396086186, 0.01875132689019665, 0.021180335548706353, 0.016384985588956624, 0.018914353277068585, 0.30985097400844097, 3.918016767129302, 0.131728419335559, 2.1553864588495344, 8.642496906220913, 0.705558844958432, 0.21855573286302388, 0.3440706346882507, 0.8172770933015272, 0.03722850850317627, 0.019834698643535376, 0.024127556243911386, 0.016341460752300918, 0.01677530602319166, 0.015671943896450102, 0.0167846285039559, 0.015991356340236962, 0.02839010738534853, 0.2926549754338339, 2.819555257912725, 0.933042366290465, 0.14490621956065297, 0.31360485905315727, NaN, NaN, NaN, NaN, NaN, NaN, NaN, NaN, NaN, NaN, NaN, NaN], "val_loss": [2.5212249755859375, 0.16139645874500275, 2.0305190086364746, 0.3344326615333557, 0.8628978133201599, 1.0365333557128906, 4.395838260650635, 0.09621776640415192, 0.29705846309661865, 0.0462154746055603, 0.3315291404724121, 0.027793332934379578, 0.018799245357513428, 0.016369720920920372, 0.016241416335105896, 0.035222023725509644, 0.0285581573843956, 0.021689007058739662, 0.016420673578977585, 0.023478593677282333, 0.02443314716219902, 0.3456643521785736, 0.15498864650726318, 0.06060342490673065, 0.017368944361805916, 0.011798989027738571, 0.021501263603568077, 0.017412850633263588, 0.016221962869167328, 0.018648236989974976, 1.1282905340194702, 0.6884925961494446, 0.08306580036878586, 1.2246359586715698, 0.08156564831733704, 0.016044890508055687, 0.016017813235521317, 0.02784271351993084, 0.01853182539343834, 0.015827901661396027, 0.042561594396829605, 1.4650202989578247, 0.0849008560180664, 1.135332703590393, 0.5284918546676636, 2.6511898040771484, 0.023943403735756874, 0.637667179107666, 0.5760825276374817, 0.016538146883249283, 0.01612839847803116, 0.025402698665857315, 0.018606724217534065, 0.014965337701141834, 0.016563773155212402, 0.01575287990272045, 0.018706658855080605, 0.02517443150281906, 0.01610831916332245, 4.995934963226318, 0.0784740298986435, 0.20168614387512207, 0.07891962677240372, 0.08562837541103363, NaN, NaN, NaN, NaN, NaN, NaN, NaN, NaN, NaN, NaN, NaN, NaN]}