{"train_loss": [0.17315034184139222, 0.01951502391602844, 0.016868335427716374, 0.016044954536482692, 0.01565885345917195, 0.015578728634864092, 0.015513181802816689, 0.015489554323721677, 0.015478618035558611, 0.015461768489331007, 0.015455998131074011, 0.015454409527592361, 0.015448749240022153, 0.015444705146364868, 0.015442716598045081, 0.015440041839610785, 0.015443742740899324, 0.015440238872542977, 0.015435575158335268, 0.015433460706844926, 0.015431094565428793, 0.015428796003106982, 0.015428022132255137, 0.015427019039634615, 0.01542744436301291, 0.015427299193106592, 0.015425646619405597, 0.0154267733450979, 0.015427867881953716, 0.015426638419739902, 0.015425803954713047, 0.015427655423991382, 0.015429286402650177, 0.015429649327415973, 0.015429872262757272, 0.015426219906657934, 0.015425028454046696, 0.015426052617840469, 0.01543017424410209, 0.015431040315888822, 0.015432320593390614, 0.015429687162395567, 0.015427458449266851, 0.015427501522935927, 0.015428280050400645, 0.015427962876856327, 0.015426342899445444, 0.015430083440151066, 0.01542762853205204, 0.015426991623826325, 0.015426346857566386, 0.01542822434566915, 0.015429802297148854, 0.015431428444571793, 0.015427243371959776, 0.01542698685079813, 0.015428162878379226, 0.015428384125698358, 0.015428821323439479, 0.015428114798851311, 0.015426382538862526, 0.015428417478688061, 0.015431387757416815, 0.01543000660603866, 0.015426249417942017, 0.015434104425366968, 0.015430111903697252, 0.01543155440595001, 0.01542965549742803, 0.015427991573233157, 0.015432886080816388, 0.01543398416833952, 0.015432360756676644, 0.01543050113832578, 0.015430254687089473, 0.015429157298058271, 0.015429643564857543, 0.015428968763444573, 0.015430340718012303, 0.015428964223247021, 0.015431140142027289, 0.015431390434969217], "val_loss": [0.02579600177705288, 0.020587533712387085, 0.016138972714543343, 0.016059061512351036, 0.016092296689748764, 0.01597551815211773, 0.015937484800815582, 0.01593453623354435, 0.015927014872431755, 0.01593058556318283, 0.015919772908091545, 0.015926416963338852, 0.015929346904158592, 0.015922652557492256, 0.015918008983135223, 0.015915604308247566, 0.01592964679002762, 0.015921950340270996, 0.01591281220316887, 0.01591028831899166, 0.015912095084786415, 0.015910759568214417, 0.015907887369394302, 0.01591012068092823, 0.015906233340501785, 0.015912776812911034, 0.01590585894882679, 0.015912367030978203, 0.015913164243102074, 0.015906235203146935, 0.015909092500805855, 0.01590406522154808, 0.01591380126774311, 0.015907296910881996, 0.015918143093585968, 0.015907887369394302, 0.015905732288956642, 0.015918580815196037, 0.015906717628240585, 0.01592862233519554, 0.015910407528281212, 0.015904773026704788, 0.01590570993721485, 0.01591159775853157, 0.015913348644971848, 0.015904812142252922, 0.01591193489730358, 0.015910999849438667, 0.015916388481855392, 0.01590632274746895, 0.015909232199192047, 0.015914414077997208, 0.01590953767299652, 0.015909167006611824, 0.01590617373585701, 0.015907177701592445, 0.015904752537608147, 0.015906739979982376, 0.015908462926745415, 0.015906907618045807, 0.015906114131212234, 0.015907173976302147, 0.015914641320705414, 0.015911931172013283, 0.015904508531093597, 0.015908610075712204, 0.01590905897319317, 0.01590890623629093, 0.015912149101495743, 0.015913447365164757, 0.015914268791675568, 0.015908164903521538, 0.015913065522909164, 0.015906449407339096, 0.01591556705534458, 0.01591700315475464, 0.01591217890381813, 0.01591513305902481, 0.01590825989842415, 0.01592397131025791, 0.0159059576690197, 0.01590772345662117]}