{"train_loss": [0.05837290151976049, 0.017675825860351324, 0.014192344446200877, 0.010753696667961776, 0.006421774247428402, 0.00481569702969864, 0.003527264838339761, 0.002593388213426806, 0.0029827829857822508, 0.0032245479087578133, 0.002429220447083935, 0.002247029078716878, 0.0021863303336431272, 0.0038474116299767047, 0.002273405458254274, 0.002091994116199203, 0.002306185218913015, 0.0018915933251264505, 0.002070476475637406, 0.0026420726935612038, 0.05826420453377068, 0.1075855519156903, NaN, NaN, NaN, NaN, NaN, NaN, NaN, NaN, NaN, NaN, NaN, NaN, NaN, NaN, NaN, NaN, NaN, NaN, NaN, NaN, NaN, NaN, NaN, NaN, NaN, NaN, NaN, NaN, NaN, NaN, NaN, NaN, NaN, NaN, NaN, NaN, NaN, NaN, NaN, NaN, NaN, NaN, NaN, NaN, NaN, NaN, NaN], "val_loss": [0.017043575644493103, 0.016894157975912094, 0.014790353365242481, 0.009310062974691391, 0.0061584580689668655, 0.004230214282870293, 0.0035236484836786985, 0.003877590410411358, 0.006567348260432482, 0.0032190438359975815, 0.0022246986627578735, 0.002441002056002617, 0.0023451619781553745, 0.002780795330181718, 0.001860473770648241, 0.002731756307184696, 0.0019411372486501932, 0.001885587233118713, 0.0014926748117431998, 0.024119354784488678, 0.0493597574532032, 0.036645129323005676, NaN, NaN, NaN, NaN, NaN, NaN, NaN, NaN, NaN, NaN, NaN, NaN, NaN, NaN, NaN, NaN, NaN, NaN, NaN, NaN, NaN, NaN, NaN, NaN, NaN, NaN, NaN, NaN, NaN, NaN, NaN, NaN, NaN, NaN, NaN, NaN, NaN, NaN, NaN, NaN, NaN, NaN, NaN, NaN, NaN, NaN, NaN]}