{"train_loss": [49.19446130795404, 6.867271840572357, 1.7820470090955496, 0.7723110639490187, 0.2808410011930391, 0.06023186689708382, 0.01840514794457704, 0.007986811018781736, 0.004621546948328614, 0.0037063910567667335, 0.0032055603805929422, 0.002914961412898265, 0.004824368952540681, 0.003220186204998754, 0.0026184519374510273, 0.0021920120634604245, 0.0019755720495595597, 0.0017994768495555036, 0.0019715638045454398, 0.001733636272547301, 0.0018335273416596465, 0.0016067512115114368, 0.0018899886636063457, 0.0017203405732288957, 0.0013017450910410844, 0.0017335450756945647, 0.0034390071814414114, 0.0018802211852744222, 0.00114706956082955, 0.0014585944954887964, 0.0028785666581825353, 0.001310017232754035, 0.0010279178677592427, 0.0013737552981183399, 0.0010890829580603167, 0.000865031972352881, 0.0012223284102219623, 0.001002273493213579, 0.009862346334557515, 7.17449289932847, 1.366792682558298, 1.8375277980230749, 2.7068245094269514, 1.4640825676033273, 0.03226382710272446, 0.010591914178803563, 0.0064694776956457645, 0.005035138223320246, 0.004084996151505038, 0.003301780830952339, 0.0028119608759880066, 0.002615696270368062, 0.00230930870748125, 0.0020847801642958075, 0.0019931788701796904, 0.0019777122361119837, 0.0018839691183529794, 0.0018641875067260116, 0.0018191336785093881, 0.0017152890068246052, 0.0016280845520668663, 0.0016221899786614813, 0.0016144805558724329, 0.0015499550136155449, 0.0015438324771821499, 0.0013589557856903411, 0.004037208665977232, 0.0019436313887126744, 0.0015394555884995498, 0.0013616340584121644, 0.0012792562774848193, 0.0012165872976765968, 0.0011692739644786343, 0.0011192105084774084, 0.004126331514271442, 0.0033680431006359868, 0.001627382982405834, 0.0012283694959478453, 0.0011165313408127986, 0.001080679168808274, 0.0010466501880728174, 0.0009899555479933042, 0.0015765212592668831, 0.0011030538626073394, 0.0009343221390736289, 0.0010100041909026913], "val_loss": [14.119353294372559, 0.7505183219909668, 0.5264036059379578, 0.1670888364315033, 0.04142221808433533, 0.02606029249727726, 0.015518547967076302, 0.005851259920746088, 0.0040092505514621735, 0.003391024423763156, 0.0029988097958266735, 0.0027807021979242563, 0.0032938451040536165, 0.0029923710972070694, 0.002298591425642371, 0.0020333267748355865, 0.001957625150680542, 0.0020250065717846155, 0.0017116428352892399, 0.0018927138298749924, 0.0015411603963002563, 0.0013240999542176723, 0.0031280932016670704, 0.001264295307919383, 0.0011184660252183676, 0.004264619667083025, 0.0019165906123816967, 0.0011411962332203984, 0.0011184304021298885, 0.0032993957865983248, 0.001779857906512916, 0.0008517266833223403, 0.0007470087148249149, 0.0013463512295857072, 0.0007640828844159842, 0.0006740394164808095, 0.0011201531160622835, 0.004549891222268343, 0.15118032693862915, 0.5574976205825806, 7.518521785736084, 0.16299688816070557, 0.5609792470932007, 0.09672117978334427, 0.016904598101973534, 0.007604729384183884, 0.005394664593040943, 0.004537881352007389, 0.0036978668067604303, 0.00300917262211442, 0.002589745679870248, 0.002349916147068143, 0.002095460193231702, 0.0020069389138370752, 0.001884074998088181, 0.0019617117941379547, 0.0017822420923039317, 0.0017657444113865495, 0.00199018232524395, 0.0015833810903131962, 0.0016186452703550458, 0.0016678886022418737, 0.0016368711367249489, 0.001444522524252534, 0.0014263383345678449, 0.0017568679759278893, 0.0023667761124670506, 0.0016022714553400874, 0.0014079217799007893, 0.0013042037608101964, 0.00125785986892879, 0.0011784352827817202, 0.0011674653505906463, 0.0010838076705113053, 0.005472049582749605, 0.0021380011457949877, 0.0013163579860702157, 0.0011382141383364797, 0.0010687279282137752, 0.0010694795055314898, 0.0009723521652631462, 0.001166108064353466, 0.0013087349943816662, 0.0009882592130452394, 0.0008793968590907753, 0.0015143714845180511]}