{"train_loss": [6119.748875586083, 129.68557024002075, 29.302808828651905, 7.778739422559738, 18.208075486123562, 27.55557259172201, 198.79548007249832, 39.32370248436928, 5.150601223111153, 34.44956325367093, 43.12877148389816, 3.5963242389261723, 1.2016850812360644, 0.6947421708609909, 2.0497987016569823, 4.621297558187507, 0.19614920346066356, 0.036807592667173594, 0.09847935737343505, 2.1883293732535094, 8.966814860701561, 16.593526577809826, 3.871472321683541, 3.485676279757172, 1.2996317950310186, 7.150154056260362, 7.3595090406015515, 2.7875953631009907, 1.6401122226379812, 2.1704554391326383, 4.948352220933884, 2.1915203960379586, 1.4671786832623184, 6.7656207559630275, 1.903264645836316, 1.9169624509522691, 8.578972674673423, 5.827376989996992, 8.20813903491944, 20.609099994413555, 21.63171503134072, 1.4073479485232383, 0.5156621035421267, 0.4039392286213115, 10.777956065838225, 4.833322093822062, 1.2900682704057544, 1.9000440064119175, 1.3912264810642228, 12.116896029794589, 15.71912845224142, 22.311153162037954, 2.8772256718948483, 3.172880338737741, 3.9426507332827896, 1.9300626887124963, 9.18590632546693, 24.738558650016785, 17.649625949561596, 0.978628093842417, 4.805828384240158, 0.8218539173249155, 2.425296191708185, 7.533307799254544, 7.062239640858024, 54.426646662759595, 4.068619675468653, 2.542317811632529, 7.873317296849564, 5.386657089693472, 17.919223371893167, NaN, NaN, NaN, NaN, NaN, NaN, NaN, NaN], "val_loss": [79.26931762695312, 20.509963989257812, 20.165437698364258, 11.118124961853027, 1.0548988580703735, 469.35064697265625, 5.36615514755249, 3.9924123287200928, 4.668799877166748, 8.090177536010742, 2.133065938949585, 4.560599327087402, 0.1366785317659378, 8.085286140441895, 9.589120864868164, 0.6398593783378601, 0.1364436000585556, 0.018318546935915947, 0.01865268684923649, 19.897062301635742, 44.62228775024414, 1.4156720638275146, 1.0962461233139038, 0.747334897518158, 1.4581470489501953, 4.448391914367676, 3.9995784759521484, 3.459378957748413, 0.01603339985013008, 15.321415901184082, 3.9838991165161133, 1.0699210166931152, 3.510788917541504, 5.496336936950684, 1.9179056882858276, 0.6414645910263062, 2.654857873916626, 7.1905293464660645, 18.716266632080078, 35.45341873168945, 0.3190649747848511, 0.20848065614700317, 0.22480563819408417, 0.10468879342079163, 0.16166900098323822, 0.08968338370323181, 1.9044501781463623, 2.846470594406128, 4.2018351554870605, 14.452764511108398, 20.881471633911133, 5.531314849853516, 3.235332727432251, 0.07697632163763046, 0.2086011916399002, 2.271400213241577, 14.72938060760498, 0.0564165897667408, 0.6410802006721497, 1.0383081436157227, 0.503905177116394, 8.480767250061035, 0.02195887267589569, 16.012590408325195, 13.618598937988281, 33.751949310302734, 0.02809309773147106, 34.71202087402344, 5.390935897827148, 1.790405511856079, 2.15108585357666, NaN, NaN, NaN, NaN, NaN, NaN, NaN, NaN]}