{"train_loss": [1.2978340875124559, 0.019580333319026977, 0.007471337215974927, 0.0036511977086775005, 0.002455301466397941, 0.0019607699650805444, 0.0017720305695547722, 0.0015598518657498062, 0.0013820989552186802, 0.0012357967789284885, 0.0013632564368890598, 0.0012506790226325393, 0.0010537958951317705, 0.0010141766251763329, 0.0007816231409378815, 0.0006778123060939834, 0.0009607312422303949, 0.0006670516086160205, 0.0005598450752586359, 0.0006080608545744326, 0.0004875538888882147, 0.0014126390706223901, 0.0006874615592096234, 0.0004547565331449732, 0.0004070439172210172, 0.00046709489106433466, 0.0004695484985859366, 0.0005849259687238373, 0.0004545056090137223, 0.0004058528793393634, 0.00044340340173221193, 0.0003869566189678153, 0.0003359204474691069, 0.0004002915793535067, 0.0002841616451405571, 0.0006210349365574075, 0.00033386011273250915, 0.0002737194272413035, 0.00029755636387562845, 0.00038740884156140964, 0.00026006970983871724, 0.0004967167060385691, 0.0003712449633894721, 0.0003886785852955654, 0.0003598761813918827, 0.00024045659665716812, 0.0002602930908324197, 0.00035731380467041163, 0.0002928474978034501, 0.0005558717348321807, 0.00037696816070820205, 0.0003820235497187241, 0.00044625660848396365, 0.0002793029243548517, 0.0002322869668205385, 0.00022438823907577898, 0.00039483673663198715, 0.00037695614901167573, 0.0002650517926667817, 0.0002735481302806875, 0.00029550516956078354, 0.0003679802848637337, 0.00039182039836305194, 0.0003678229613797157, 0.00027789925843535457, 0.00023289955333893886, 0.0004120659859836451, 0.0003406866135264863, 0.0003202869438609923, 0.0004627933903975645, 0.00031646584739064565, 0.00033958960102609126, 0.0002329759608983295, 0.0005065574805485085, 0.0003900287165379268, 0.00021530010235437658, 0.0002957948972834856, 0.0002202364121330902, 0.00034911982584162615, 0.0004159134177825763, 0.0003315136264063767, 0.0003890624384439434, 0.00024085137647489319, 0.00023140541816246696, 0.00026666111625672784, 0.00022427844760386506, 0.9036064571191673, NaN, NaN, NaN, NaN, NaN, NaN, NaN, NaN, NaN, NaN, NaN, NaN, NaN, NaN, NaN, NaN, NaN, NaN, NaN, NaN, NaN, NaN, NaN, NaN, NaN, NaN, NaN, NaN, NaN, NaN, NaN, NaN, NaN, NaN, NaN, NaN, NaN, NaN, NaN, NaN, NaN, NaN, NaN, NaN, NaN, NaN], "val_loss": [0.028446467593312263, 0.011058454401791096, 0.004289619158953428, 0.0028314515948295593, 0.0021311258897185326, 0.0018603953067213297, 0.0016460344195365906, 0.001437749364413321, 0.001251781708560884, 0.001115271938033402, 0.002203836804255843, 0.0011454373598098755, 0.0011474371422082186, 0.0009886923944577575, 0.0006368171307258308, 0.0005913012428209186, 0.0007392906118184328, 0.0005515888333320618, 0.0004946844419464469, 0.0004830951802432537, 0.0007306064362637699, 0.0009356733644381166, 0.00044908878044225276, 0.000397381343645975, 0.00037376367254182696, 0.0003693425969686359, 0.0004589125164784491, 0.00035218073753640056, 0.0003183244843967259, 0.0006501254392787814, 0.0003438185667619109, 0.00036484081647358835, 0.0005934687796980143, 0.0002733031869865954, 0.0003619166382122785, 0.0003268516738899052, 0.0002734321169555187, 0.0002933648938778788, 0.00038746045902371407, 0.00024572614347562194, 0.00023752829292789102, 0.000473557913210243, 0.0005177967832423747, 0.0002903417916968465, 0.0002230980317108333, 0.00021707589621655643, 0.00022017014271114022, 0.00021013898367527872, 0.0010920173954218626, 0.0002721100754570216, 0.00037354754749685526, 0.0004172318731434643, 0.00036652834387496114, 0.0002144069003406912, 0.00026223447639495134, 0.00024752505123615265, 0.0003851437068078667, 0.0004711743677034974, 0.00038930439040996134, 0.0005358571652323008, 0.00018605426885187626, 0.0009171644342131913, 0.00023181550204753876, 0.0002819709188770503, 0.00020212159142829478, 0.0002696313604246825, 0.00021367966837715358, 0.00028794846730306745, 0.0004054995079059154, 0.0005225024651736021, 0.0004159896925557405, 0.00024774897610768676, 0.0001816421136027202, 0.0002951914502773434, 0.00024486708571203053, 0.00020809560373891145, 0.000316034973366186, 0.0003290155727881938, 0.00022148838615976274, 0.0003215009346604347, 0.00047143976553343236, 0.000256640138104558, 0.00016555955517105758, 0.0004198629467282444, 0.0001713507081149146, 0.0010898644104599953, 46.183494567871094, NaN, NaN, NaN, NaN, NaN, NaN, NaN, NaN, NaN, NaN, NaN, NaN, NaN, NaN, NaN, NaN, NaN, NaN, NaN, NaN, NaN, NaN, NaN, NaN, NaN, NaN, NaN, NaN, NaN, NaN, NaN, NaN, NaN, NaN, NaN, NaN, NaN, NaN, NaN, NaN, NaN, NaN, NaN, NaN, NaN, NaN]}