{"train_loss": [0.21497249160893261, 0.02073529810877517, 0.010742472892161459, 0.007987000921275467, 0.007419867819407955, 0.00704744496033527, 0.006867301126476377, 0.006782767013646662, 0.00666761101456359, 0.006901176908286288, 0.00713194438139908, 0.006730893888743594, 0.006490494270110503, 0.006390882364939898, 0.006355878838803619, 0.006355258432449773, 0.006313103425782174, 0.006229954859009013, 0.007190456875832751, 0.006896481936564669, 0.0064854891679715365, 0.006376922130584717, 0.006340984720736742, 0.00634321421966888, 0.006321652821497992, 0.006255031883483753, 0.0061992580885998905, 0.006127253436716273, 0.006531191320391372, 0.006210493011167273, 0.006092146359151229, 0.006065543624572456, 0.005974270432488993, 0.005962788360193372, 0.005834039970068261, 0.006009378645103425, 0.0058999788598157465, 0.005732469144277275, 0.005879372067283839, 0.005643636861350387, 0.006208035192685202, 0.005886726605240256, 0.0057829959550872445, 0.005849955894518644, 0.005809107300592586, 0.005727302690502256, 0.005791864503407851, 0.0057293221179861575, 0.005679110763594508, 0.00556987154413946, 0.006217065965756774, 0.0060300774639472365, 0.005861991172423586, 0.005769043433247134, 0.0057360187638551, 0.005879041476873681, 0.005727497336920351, 0.00570546553353779, 0.2057321765460074, 0.04715577757451683, 0.020566402876283973, 0.01406574493739754, 0.01102644286584109, 0.009800847037695348, 0.009337390714790672, 0.009039369877427816, 0.008535809582099319, 0.008270803518826142, 0.008394982403842732, 0.0074651254690252244, 0.006887396011734381, 0.0067643710935954005, 0.00672681222204119, 0.006716925388900563, 0.006704652972985059, 0.006694330048048869, 0.006684880325337872, 0.0066855424956884235, 0.006667860259767622, 0.0065685703011695296, 0.0076271764119155705, 0.007177262188633904, 0.006976355623919517, 0.006886616523843259, 0.006841487949714065, 0.006823232106398791, 0.006814391468651593, 0.0068123241944704205, 0.006802842952311039, 0.006796221307013184], "val_loss": [0.027619080618023872, 0.030415495857596397, 0.018944038078188896, 0.016912728548049927, 0.010101132094860077, 0.008000919595360756, 0.007490193005651236, 0.007479304447770119, 0.00757179968059063, 0.007661725394427776, 0.007897419854998589, 0.010240535251796246, 0.00756596215069294, 0.006946900859475136, 0.006855057552456856, 0.006521373521536589, 0.006687878165394068, 0.006640201434493065, 0.00766981253400445, 0.009650839492678642, 0.00801435112953186, 0.007315733935683966, 0.007097052875906229, 0.0070013427175581455, 0.006985014770179987, 0.007126396521925926, 0.006694557145237923, 0.006979022175073624, 0.006829282734543085, 0.00633472902700305, 0.006589852273464203, 0.006558839697390795, 0.006335007958114147, 0.0065270885825157166, 0.00603809580206871, 0.006739256903529167, 0.0058535002171993256, 0.005960460752248764, 0.005952271167188883, 0.005789909511804581, 0.006063183769583702, 0.006358576472848654, 0.0059399972669780254, 0.005889015272259712, 0.005868252366781235, 0.005793632473796606, 0.006255665328353643, 0.006065162364393473, 0.005876080598682165, 0.006182488985359669, 0.006209990940988064, 0.00618141982704401, 0.006147990468889475, 0.006048986222594976, 0.00625713262706995, 0.006234059110283852, 0.006050802767276764, 0.006771865766495466, 0.03134464845061302, 0.022761676460504532, 0.030278682708740234, 0.023821640759706497, 0.053939253091812134, 0.11321376264095306, 0.08242615312337875, 0.08435337245464325, 0.06358201056718826, 0.05740240588784218, 0.06547997146844864, 0.03733779489994049, 0.021689286455512047, 0.028856661170721054, 0.02454301342368126, 0.022896768525242805, 0.020953502506017685, 0.019588187336921692, 0.019132820889353752, 0.01950003392994404, 0.01773698441684246, 0.024166695773601532, 0.012829354032874107, 0.008558113127946854, 0.014024541713297367, 0.01401502825319767, 0.01555243507027626, 0.016632866114377975, 0.016175638884305954, 0.0166633240878582, 0.01733339950442314, 0.01807664893567562]}