{"train_loss": [1.9619441838003695, 0.10248027788475156, 0.04626894858665764, 0.020294763206038624, 0.012222799530718476, 0.00998225319199264, 0.009247657319065183, 0.008998981968034059, 0.00865119491936639, 0.008438494347501546, 0.008457092801108956, 0.00821024551987648, 0.007965283264638856, 0.007629122876096517, 0.007169682648964226, 0.007049359497614205, 0.006983736326219514, 0.006730077730026096, 0.006684174528345466, 0.006629344570683315, 0.0065893355931621045, 0.006554265506565571, 0.0064688353158999234, 0.0066536227823235095, 0.006410560308722779, 0.9451556315761991, 0.8801225838251412, 0.6088423393666744, 0.1269286012975499, 0.025406555039808154, 0.018279387964867055, 0.012338050815742463, 0.010600587353110313, 0.009633626788854599, 0.009373400418553501, 0.008920661930460483, 0.007944806042360142, 0.007273257302585989, 0.011847435584058985, 0.0321889859624207, 0.02258225460536778, 0.01671408535912633, 0.01562362868571654, 0.015510816068854183, 0.015432929620146751, 0.01501981820911169, 0.010230076615698636, 0.009337078663520515, 0.009149652381893247, 0.008899086620658636, 0.008701034355908632, 0.008642079948913306, 0.008486207749228925, 0.008458374883048236, 0.008210192259866744, 0.008266178891062737, 0.008039060106966645, 0.007989370787981898, 0.007895364222349599, 0.008025567803997546, 0.007724266703007743, 0.007971822749823332, 0.007984663039678708, 0.007718485925579444, 0.008098133286694065, 0.008011164638446644, 0.007992839033249766, 0.007884674472734332, 0.007871308916946873, 0.007896716328104958, 0.007422380236675963, 0.007851815811591223, 0.008712165406905115], "val_loss": [0.22265051305294037, 0.06436733901500702, 0.03384146839380264, 0.013946771621704102, 0.010203901678323746, 0.010912087745964527, 0.010272528976202011, 0.009956481866538525, 0.00936465710401535, 0.010425734333693981, 0.00967896543443203, 0.009740504436194897, 0.009738112799823284, 0.011080794967710972, 0.009532354772090912, 0.009460165165364742, 0.008385706692934036, 0.007628714665770531, 0.007405408658087254, 0.007571197114884853, 0.007752220146358013, 0.007812513038516045, 0.007328260224312544, 0.008131401613354683, 0.044650617986917496, 0.9810870885848999, 2.6599714756011963, 0.06061091646552086, 0.02344164252281189, 0.02112211100757122, 0.03149927034974098, 0.03630434349179268, 0.035946790128946304, 0.05136667564511299, 0.04874946177005768, 0.03939016908407211, 0.02005310170352459, 0.019052328541874886, 0.03047519363462925, 0.025637025013566017, 0.021370353177189827, 0.016235588118433952, 0.016014523804187775, 0.015929587185382843, 0.015864809975028038, 0.01500647235661745, 0.03168260678648949, 0.030832896009087563, 0.028888361528515816, 0.027871161699295044, 0.025967879220843315, 0.022626306861639023, 0.030812479555606842, 0.030643682926893234, 0.03318517655134201, 0.021604785695672035, 0.02386512979865074, 0.023050453513860703, 0.020138561725616455, 0.018766727298498154, 0.023759158328175545, 0.02324780449271202, 0.023944005370140076, 0.023179911077022552, 0.025441525503993034, 0.01891140453517437, 0.013198267668485641, 0.01698075421154499, 0.017397476360201836, 0.016345899552106857, 0.020675865933299065, 0.012699682265520096, 0.019339436665177345]}