{"train_loss": [2856.9678526124917, 575.0446373224258, 195.05170249938965, 100.33084332942963, 52.58876007795334, 11.765940546989441, 147.53749199211597, 69.00330843031406, 14.953263133764267, 5.489769317209721, 1.91277907602489, 1.4819467063061893, 6.274845756590366, 0.7204556432552636, 0.08414123591501266, 0.06566579861100763, 0.0467998773092404, 0.06925259123090655, 0.45118484913837165, 0.7667962382547557, 0.49784990260377526, 15.139618076034822, 1.4901200556196272, 1.097130321781151, 0.5607426471542567, 0.7438149354420602, 1.8906150811817497, 13.00792914093472, 7.024828995810822, 0.4643763996427879, 1.1356256351573393, 0.37081505125388503, 0.6113845921354368, 0.9861177050042897, 0.9067954796482809, 5.067127275513485, 18.113855365663767, 2.744310633279383, 2.4306532222544774, 1.0922723803669214, 3.59656088007614, 4.602001467603259, 16.95201189815998, 12.836792923742905, 0.1271072275703773, 0.32298339856788516, 12.654394782846794, NaN, NaN, NaN, NaN, NaN, NaN, NaN, NaN, NaN, NaN, NaN, NaN, NaN, NaN, NaN, NaN, NaN, NaN, NaN, NaN, NaN, NaN, NaN, NaN, NaN, NaN, NaN, NaN, NaN, NaN, NaN, NaN], "val_loss": [2394.139404296875, 293.3889465332031, 547.9644775390625, 12.033303260803223, 28.9937801361084, 2.511639356613159, 29.83348274230957, 24.75519561767578, 14.119309425354004, 1.7046395540237427, 1.128833532333374, 0.3318488895893097, 0.5587241649627686, 0.08310049772262573, 0.0360921248793602, 0.06957606971263885, 0.03586679324507713, 0.734631359577179, 0.018475839868187904, 1.1782681941986084, 0.027533642947673798, 3.783005952835083, 10.224526405334473, 0.2376118153333664, 0.39702069759368896, 0.032647307962179184, 8.214994430541992, 6.294836044311523, 0.0160048957914114, 0.017028063535690308, 0.4017413854598999, 1.3007447719573975, 0.4318465292453766, 1.2351115942001343, 3.5205535888671875, 78.9819564819336, 0.15348954498767853, 4.4169158935546875, 0.11596603691577911, 0.10613368451595306, 6.8545942306518555, 28.331167221069336, 0.09071860462427139, 0.03996296226978302, 0.019563201814889908, 0.1312417834997177, 19.3354434967041, NaN, NaN, NaN, NaN, NaN, NaN, NaN, NaN, NaN, NaN, NaN, NaN, NaN, NaN, NaN, NaN, NaN, NaN, NaN, NaN, NaN, NaN, NaN, NaN, NaN, NaN, NaN, NaN, NaN, NaN, NaN, NaN]}