{"train_loss": [80.6518697773572, 30.062722951173782, 5.988042553886771, 3.7703104321844876, 1.5979734072461724, 10.979119285941124, 2.892949251458049, 4.131497141905129, 0.7200397516135126, 0.290399975143373, 0.04624441475607455, 0.020323235425166786, 0.017074152012355626, 0.01599245984107256, 0.015606503817252815, 0.015492919075768441, 0.015454971231520176, 0.015441005176398903, 0.015440310002304614, 0.015437557187397033, 0.015440223971381783, 0.015439465583767742, 0.015435685752891004, 0.015427299658767879, 0.015419544011820108, 0.015665041049942374, 0.015470118552912027, 0.015440675197169185, 0.015439168259035796, 0.015433375956490636, 0.015432294632773846, 0.015440551738720387, 0.01544337347149849, 0.015429481689352542, 0.015431453473865986, 0.015429867431521416, 0.01542912784498185, 0.015430274826940149, 0.015436058805789798, 0.015434158907737583, 0.015429524704813957, 0.0154301468282938, 0.015432865533512086, 0.015434987959451973, 0.015432950225658715, 0.015427980339154601, 0.015426854835823178, 0.015427380509208888, 0.015430950676091015, 0.015427375677973032, 0.015428432438056916, 0.015428712649736553, 0.015431161504238844, 0.015428505488671362, 0.015427630161866546, 0.015424627985339612, 0.015425908903125674, 0.015430438739713281, 0.015437193447723985, 0.015457165311090648, 0.015443841402884573, 0.015427297446876764, 0.015438264643307775, 0.015434128581546247, 0.015443347801920027, 0.015429351769853383, 0.015445322031155229, 0.01543186150956899, 0.015442756528500468, 0.01542859006440267, 0.015427155827637762, 0.015433455060701817, 0.01543183228932321, 0.015429195598699152], "val_loss": [21.554115295410156, 22.589303970336914, 2.069046974182129, 1.7597171068191528, 20.572145462036133, 2.9048399925231934, 7.215911865234375, 2.4623146057128906, 1.0319006443023682, 0.06691508740186691, 0.026895996183156967, 0.0170415248721838, 0.01718965917825699, 0.016002075746655464, 0.015943562611937523, 0.015939675271511078, 0.015932435169816017, 0.01591576263308525, 0.015918176621198654, 0.015921741724014282, 0.015921158716082573, 0.015923641622066498, 0.015914931893348694, 0.015876010060310364, 0.01627359725534916, 0.015936389565467834, 0.01593782939016819, 0.015931816771626472, 0.01592506840825081, 0.01591564528644085, 0.015913108363747597, 0.015912886708974838, 0.015917787328362465, 0.015912944450974464, 0.015920883044600487, 0.015912551432847977, 0.01591109111905098, 0.015914006158709526, 0.01591619662940502, 0.01591707020998001, 0.015912149101495743, 0.01591392792761326, 0.015917032957077026, 0.0159109216183424, 0.015915101394057274, 0.015912635251879692, 0.015917586162686348, 0.015915483236312866, 0.01591404154896736, 0.015909336507320404, 0.015911612659692764, 0.015911288559436798, 0.01590701937675476, 0.015912391245365143, 0.015912696719169617, 0.015910429880023003, 0.015922879800200462, 0.01591247133910656, 0.015955280512571335, 0.01594255492091179, 0.015909846872091293, 0.015911171212792397, 0.015910863876342773, 0.01591205969452858, 0.01590854488313198, 0.01591508835554123, 0.01590973697602749, 0.015935709699988365, 0.01591320149600506, 0.015908485278487206, 0.015909623354673386, 0.01593722589313984, 0.015913093462586403, 0.015947118401527405]}