{"train_loss": [260.61741736065596, 1.7226117276586592, 0.6143356966786087, 2.4585674181580544, 4.492493901401758, 2.977763855829835, 0.8113319361582398, 2.4959222925826907, 0.7532825316302478, 0.0850529371527955, 0.027792900567874312, 0.01749327895231545, 0.01611284672981128, 0.01561169041087851, 0.016245476726908237, 0.01667023089248687, 0.015775263716932386, 0.01761776814237237, 0.39498413365799934, 4.562476515653543, 0.25002566596958786, 0.031650069053284824, 0.01742609654320404, 0.015791997429914773, 0.015495964093133807, 0.01480427326168865, 0.017584168061148375, 0.018703506735619158, 0.01619828649563715, 0.015494902560021728, 0.01506010489538312, 0.01570163923315704, 0.016719028644729406, 0.015468796831555665, 0.025704226340167224, 0.01678324188105762, 0.015631174203008413, 0.020051662053447217, 0.02746385190403089, 0.031432824092917144, 0.025571820384357125, 0.04811962152598426, 0.023712462338153273, 0.016755197779275477, 0.015691813663579524, 0.015477865643333644, 0.015444054210092872, 0.015440221352037042, 0.015434247790835798, 0.016893697960767895, 0.01816484413575381, 0.015589099726639688, 0.04698325751814991, 0.04055637412238866, 0.05855552840512246, 0.7031558827729896, 0.5660330215469003, 0.2106247921474278, 0.3164285774109885, 0.826026187685784, 0.03566962230252102, 0.631513200700283, 1.248379708500579, 2.732058367226273, 4.416108920238912, 6.304286548984237, NaN, NaN], "val_loss": [1.4967408180236816, 3.4603776931762695, 0.7135000824928284, 1.8481876850128174, 12.228584289550781, 0.4179278314113617, 1.0451183319091797, 4.925847053527832, 0.24369218945503235, 0.021900789812207222, 0.01972462609410286, 0.017106710001826286, 0.01627715863287449, 0.01599845103919506, 0.016670336946845055, 0.01604512892663479, 0.016031406819820404, 0.014842896722257137, 4.7920613288879395, 0.6794589161872864, 0.03791060298681259, 0.016515031456947327, 0.017025666311383247, 0.016124477609992027, 0.01591709814965725, 0.024504035711288452, 0.01570475846529007, 0.0177391916513443, 0.016080496832728386, 0.015708040446043015, 0.016005607321858406, 0.015955574810504913, 0.015938008204102516, 0.016120968386530876, 0.01592073403298855, 0.016481200233101845, 0.01591683179140091, 0.019498538225889206, 0.016979187726974487, 0.02152620628476143, 0.015972090885043144, 0.02253592200577259, 0.020917560905218124, 0.016263844445347786, 0.015956249088048935, 0.015918007120490074, 0.015937089920043945, 0.015912696719169617, 0.015904804691672325, 0.017261294648051262, 0.016487201675772667, 0.058316804468631744, 0.06898445636034012, 0.043304428458213806, 0.019949311390519142, 1.6298549175262451, 1.2050855159759521, 0.1682506650686264, 0.21233923733234406, 0.03923754394054413, 0.1753750592470169, 0.6980803608894348, 0.018433082848787308, 18.405725479125977, 0.09393653273582458, NaN, NaN, NaN]}